timestamp,market_cap,price,supply
2019-02-24 00:00:00,0.0,2.7515859138045364,0.0
2019-02-25 00:00:00,0.0,3.0023968122350664,0.0
2019-02-26 00:00:00,0.0,3.740964101386213,0.0
2019-02-27 00:00:00,0.0,3.99231201231624,0.0
2019-02-28 00:00:00,0.0,3.5284050911536697,0.0
2019-03-01 00:00:00,0.0,2.8001866902790216,0.0
2019-03-02 00:00:00,0.0,3.2982892776070383,0.0
2019-03-03 00:00:00,0.0,3.9013606463714656,0.0
2019-03-04 00:00:00,0.0,3.8550297936665885,0.0
2019-03-05 00:00:00,0.0,5.179266239045418,0.0
2019-03-06 00:00:00,0.0,3.5493629156372712,0.0
2019-03-07 00:00:00,0.0,4.9735687461423295,0.0
2019-03-08 00:00:00,0.0,5.302412551328505,0.0
2019-03-09 00:00:00,0.0,5.912536260783835,0.0
2019-03-10 00:00:00,0.0,5.467036830588757,0.0
2019-03-11 00:00:00,0.0,5.993913179929315,0.0
2019-03-12 00:00:00,0.0,6.003677898661887,0.0
2019-03-13 00:00:00,0.0,4.700521731172642,0.0
2019-03-14 00:00:00,0.0,3.897236025165531,0.0
2019-03-15 00:00:00,0.0,6.416644496392602,0.0
2019-03-16 00:00:00,1472326624.4451358,6.233417073176541,236198959.12
2019-03-17 00:00:00,1290271156.3108008,5.4641441289707995,236134173.23123032
2019-03-18 00:00:00,914757269.9807022,3.8726341244990357,236210610.29075018
2019-03-19 00:00:00,1017317601.7115281,4.306728600867673,236215860.34155253
2019-03-20 00:00:00,1012176445.0467892,4.285857984374575,236166585.2524728
2019-03-21 00:00:00,997527313.0315177,4.223250249484494,236198959.12
2019-03-22 00:00:00,842664088.0098503,3.5674262640658685,236210653.18094307
2019-03-23 00:00:00,813018422.5935222,3.4420914707776977,236198959.12000003
2019-03-24 00:00:00,794504714.7712306,3.3400262733715294,237873791.92356834
2019-03-25 00:00:00,736923159.9891775,3.119899306940364,236200943.5207915
2019-03-26 00:00:00,859970351.5225581,3.640200463210046,236242580.6528821
2019-03-27 00:00:00,859728697.5702647,3.63973450393198,236206431.16730237
2019-03-28 00:00:00,866975802.8442843,3.655400562604803,237176689.1195327
2019-03-29 00:00:00,808383237.493588,3.422499942811173,236196713.2217388
2019-03-30 00:00:00,813316151.2976321,3.443497091855137,236189004.8408518
2019-03-31 00:00:00,803410570.3279575,3.401414524946267,236198959.12
2019-04-01 00:00:00,846799100.0780848,3.5744414511343954,236903894.39987668
2019-04-02 00:00:00,838417735.1704301,3.527284143170972,237694980.3699982
2019-04-03 00:00:00,880049098.6794839,3.7242470550065634,236302556.10900468
2019-04-04 00:00:00,872476480.3588849,3.663364267001989,238162633.24337634
2019-04-05 00:00:00,880467013.7714913,3.7259407983477235,236307301.00755662
2019-04-06 00:00:00,833427685.694844,3.537351393919182,235607829.95083055
2019-04-07 00:00:00,1078639795.3159597,4.563790001710099,236347376.83192748
2019-04-08 00:00:00,1105109183.794503,4.68956513412684,235652806.21702367
2019-04-09 00:00:00,761786556.962683,3.2283054265751767,235971030.09266445
2019-04-10 00:00:00,1279388390.8590033,5.371819770029897,238166663.3711136
2019-04-11 00:00:00,889920236.9815713,3.765090517940344,236360914.23066065
2019-04-12 00:00:00,841100220.7344621,3.559131312565026,236321772.6092524
2019-04-13 00:00:00,1032891344.9792871,4.372678317153426,236214802.47641224
2019-04-14 00:00:00,1011839745.3786193,4.285000910009362,236135246.32283184
2019-04-15 00:00:00,1044309576.038277,4.4421324201004015,235091950.7290765
2019-04-16 00:00:00,1010619546.3541449,4.270722843466171,236638991.42982402
2019-04-17 00:00:00,1049353168.7966118,4.401791538363578,238392290.8777098
2019-04-18 00:00:00,1024196084.9492502,4.335618154271742,236228387.39618787
2019-04-19 00:00:00,1028783184.5638717,4.356914479916188,236126549.9486375
2019-04-20 00:00:00,1152069146.8875144,4.878754910070025,236139992.29794854
2019-04-21 00:00:00,1277917336.5785453,5.410868289829498,236176019.84150568
2019-04-22 00:00:00,1232996826.3742604,5.2201619811027244,236198959.11999997
2019-04-23 00:00:00,1025570862.6105263,4.31496275266641,237677801.96405634
2019-04-24 00:00:00,966067577.8315969,4.085294112693688,236474425.3858894
2019-04-25 00:00:00,865542064.571966,3.639769058250696,237801368.9110135
2019-04-26 00:00:00,782672080.7256955,3.3079683876376325,236602043.61403722
2019-04-27 00:00:00,869768661.3588303,3.6915938580489422,235607895.88552272
2019-04-28 00:00:00,816043309.2857027,3.4398958383830625,237229075.42144862
2019-04-29 00:00:00,1043926396.2850736,4.4123677135050725,236590978.82751143
2019-04-30 00:00:00,883823251.0599166,3.713481608937613,238003939.19623286
2019-05-01 00:00:00,929465480.449464,3.9082387214696155,237822084.7522735
2019-05-02 00:00:00,1039307332.1762245,4.370483942075347,237801430.21935096
2019-05-03 00:00:00,1078541197.5552518,4.5367984276933635,237731787.01783597
2019-05-04 00:00:00,1254577786.9170454,5.272389116184585,237952427.11997187
2019-05-05 00:00:00,1246906897.2611127,5.2344903928024955,238209797.64823502
2019-05-06 00:00:00,1154754124.6220956,4.845210798142988,238328975.29756093
2019-05-07 00:00:00,1126505390.8459737,4.728409522125743,238241925.8684541
2019-05-08 00:00:00,1106666542.0988395,4.620899042646727,239491607.99344593
2019-05-09 00:00:00,1036759448.5761645,4.353026395766152,238169805.16923565
2019-05-10 00:00:00,929140013.4675716,3.8895538220050003,238880873.22792602
2019-05-11 00:00:00,915120388.4223504,3.8330995217110426,238741619.73593977
2019-05-12 00:00:00,970754458.610573,4.096789329932594,236954937.25242278
2019-05-13 00:00:00,903560248.0281584,3.798988220894689,237842339.98371375
2019-05-14 00:00:00,937133064.4118882,3.928745372499196,238532400.4379925
2019-05-15 00:00:00,955000296.9345831,4.00061471822549,238713388.86594465
2019-05-16 00:00:00,1081578748.7783048,4.5457468456025625,237932024.2667266
2019-05-17 00:00:00,1020530336.4978063,4.276578291292598,238632445.6109397
2019-05-18 00:00:00,1049499626.5821162,4.415701096586383,237674517.27958807
2019-05-19 00:00:00,1139734601.3849974,4.756773016090144,239602477.8835902
2019-05-20 00:00:00,1167632365.9810317,4.880739269437048,239232686.1819251
2019-05-21 00:00:00,1134307982.6106646,4.73712942616022,239450494.2901891
2019-05-22 00:00:00,1133649652.429121,4.7455777688789125,238885486.160083
2019-05-23 00:00:00,1037003747.1256449,4.337075775233234,239102058.8220823
2019-05-24 00:00:00,1032650729.8384689,4.328112239351113,238591485.78671974
2019-05-25 00:00:00,1073540860.3226427,4.488255092365846,239188913.78269646
2019-05-26 00:00:00,1049743560.8700153,4.393736875602293,238918167.06163508
2019-05-27 00:00:00,1079110733.4688156,4.502143276628875,239688225.62147215
2019-05-28 00:00:00,1121472324.8139734,4.68948131365474,239146346.8568458
2019-05-29 00:00:00,1142089689.1861775,4.780288251258525,238916489.7923248
2019-05-30 00:00:00,1124961749.2339528,4.6989172283687415,239408717.91531646
2019-05-31 00:00:00,1415685354.6001813,5.903827983572975,239791091.2274605
2019-06-01 00:00:00,1397957412.300526,5.836199382750526,239532154.51006174
2019-06-02 00:00:00,1385123171.874825,5.787452318795735,239332109.46315742
2019-06-03 00:00:00,1523433913.2346172,6.378361250882932,238844093.85306203
2019-06-04 00:00:00,1589767941.515858,6.581428554509484,241553627.50638318
2019-06-05 00:00:00,1404927620.8704772,5.87006699364581,239337578.6666956
2019-06-06 00:00:00,1474290669.479478,6.163465369533785,239198337.47536665
2019-06-07 00:00:00,1449316129.9310029,6.047870648445266,239640728.80817655
2019-06-08 00:00:00,1513861328.3459,6.321290841018009,239486105.99003872
2019-06-09 00:00:00,1472558338.9579608,6.129971138988208,240222719.7436718
2019-06-10 00:00:00,1399750242.1479483,5.8402157910069254,239674404.54911923
2019-06-11 00:00:00,1463121068.8676844,6.105444978688931,239642003.8137616
2019-06-12 00:00:00,1428789566.6428084,5.956288252312975,239879184.169432
2019-06-13 00:00:00,1463122291.8002238,6.1254005551869275,238861488.09668726
2019-06-14 00:00:00,1499871245.7859123,6.257843576186262,239678609.33653823
2019-06-15 00:00:00,1502265453.1952536,6.251328021204362,240311410.32747018
2019-06-16 00:00:00,1483770338.7590322,6.176669318570478,240221754.19007772
2019-06-17 00:00:00,1615874146.3151727,6.743271962396558,239627610.3538454
2019-06-18 00:00:00,1682915463.0979176,7.017552561131561,239815156.1299531
2019-06-19 00:00:00,1579384427.349031,6.59392403455317,239521174.20110014
2019-06-20 00:00:00,1596272168.5059192,6.647730134179798,240122889.5105966
2019-06-21 00:00:00,1563623991.1791086,6.507179111071543,240292139.5722309
2019-06-22 00:00:00,1572931419.7083166,6.561145409542794,239734272.22335017
2019-06-23 00:00:00,1619020645.5339537,6.7333565967979405,240447779.98300013
2019-06-24 00:00:00,1645496603.2717483,6.827506440054004,241009893.98096162
2019-06-25 00:00:00,1599147267.96173,6.659033787765273,240147042.1879918
2019-06-26 00:00:00,1583321627.8919008,6.601180486152296,239854315.63541284
2019-06-27 00:00:00,1538785203.8133025,6.386450170566806,240945308.06880677
2019-06-28 00:00:00,1316619426.8216348,5.47136081654836,240638384.30093372
2019-06-29 00:00:00,1421301891.2445264,5.907779975755154,240581385.4065969
2019-06-30 00:00:00,1463339179.5643473,6.095371645282487,240073823.99675313
2019-07-01 00:00:00,1313807485.1161137,5.4614646972056695,240559549.1239404
2019-07-02 00:00:00,1319056017.8993804,5.479767323117834,240713873.44031873
2019-07-03 00:00:00,1287511344.866317,5.343843287115533,240933589.4955262
2019-07-04 00:00:00,1357530808.7767854,5.629593273416958,241141898.32986167
2019-07-05 00:00:00,1329364754.3393145,5.5105545779148155,241239740.12835997
2019-07-06 00:00:00,1295065910.622823,5.37854782353695,240783563.35431513
2019-07-07 00:00:00,1283973358.1945546,5.320921281192338,241306587.77700156
2019-07-08 00:00:00,1302992999.9539938,5.4039789033041865,241117336.55312702
2019-07-09 00:00:00,1250939199.3306725,5.191679795832583,240950761.31906572
2019-07-10 00:00:00,1205183594.428682,4.997028320308178,241180060.86352456
2019-07-11 00:00:00,1081693067.5550604,4.476682040208127,241628299.2268915
2019-07-12 00:00:00,1052549616.4511163,4.361156975782726,241346418.4609425
2019-07-13 00:00:00,1088839425.3307338,4.530441026538903,240338505.4462498
2019-07-14 00:00:00,1032772197.0986332,4.28441321259264,241053359.20053998
2019-07-15 00:00:00,923137101.9949268,3.8216115214943023,241557022.94773477
2019-07-16 00:00:00,1013114359.3355923,4.194461295555575,241536227.88439646
2019-07-17 00:00:00,889561543.4486119,3.683692666730313,241486362.71499726
2019-07-18 00:00:00,922914990.2624835,3.8237741543828387,241362317.1767693
2019-07-19 00:00:00,1001174376.863973,4.11305614691304,243413739.34692854
2019-07-20 00:00:00,948194450.214473,3.9279143078918226,241398965.42788503
2019-07-21 00:00:00,981912115.860305,4.077059573327631,240838304.71451363
2019-07-22 00:00:00,1019032415.9508725,4.21403300277835,241818802.86153793
2019-07-23 00:00:00,967532113.7984941,3.9991933642431383,241931816.16303343
2019-07-24 00:00:00,899641539.9538156,3.728636196634596,241278980.4395014
2019-07-25 00:00:00,945373012.8641541,3.9008454040304272,242350802.18441287
2019-07-26 00:00:00,926342281.256688,3.8225146763336566,242338449.86703464
2019-07-27 00:00:00,941956376.9273341,3.893059532254195,241957866.07504404
2019-07-28 00:00:00,878597750.2709965,3.62922780972399,242089446.11217877
2019-07-29 00:00:00,882016417.0948541,3.618093912656449,243779304.34847856
2019-07-30 00:00:00,873574679.5872937,3.6057497755486057,242272685.00748408
2019-07-31 00:00:00,868240629.7331514,3.5859759266565074,242121154.0431845
2019-08-01 00:00:00,882569015.9693321,3.6480461056295255,241929238.3962432
2019-08-02 00:00:00,855823661.5750926,3.5322031996591794,242291740.65004826
2019-08-03 00:00:00,885871253.3860943,3.65571092862101,242325301.61247146
2019-08-04 00:00:00,893279093.9779756,3.687398131351825,242251870.33180317
2019-08-05 00:00:00,872506960.122447,3.5993653851878316,242405776.22738782
2019-08-06 00:00:00,914038672.1248147,3.7668940256415455,242650487.61735296
2019-08-07 00:00:00,863738271.8198446,3.566226608737663,242199491.67099676
2019-08-08 00:00:00,846239182.9424003,3.4957478758739566,242076720.91650367
2019-08-09 00:00:00,795149176.2638792,3.270976397550951,243092300.1643253
2019-08-10 00:00:00,760576439.3120589,3.136463981401743,242494874.42611837
2019-08-11 00:00:00,809745891.5076133,3.339630526669811,242465711.41361254
2019-08-12 00:00:00,855149030.7318454,3.524827330139164,242607353.67655104
2019-08-13 00:00:00,817807319.0095735,3.345239912203774,244468959.02028716
2019-08-14 00:00:00,789459442.4440899,3.2506833979865,242859530.07084218
2019-08-15 00:00:00,691628609.4344736,2.85789172846306,242006582.1760236
2019-08-16 00:00:00,703891203.8082992,2.897560133285456,242925486.07444367
2019-08-17 00:00:00,712011694.2498375,2.9382967644140057,242321232.788015
2019-08-18 00:00:00,705280518.0721793,2.9018226798401177,243047420.8406967
2019-08-19 00:00:00,721486401.0066607,2.966712919733911,243193871.6440996
2019-08-20 00:00:00,707559903.5603794,2.9100492195827594,243143620.6641992
2019-08-21 00:00:00,699978990.7050349,2.878298763008979,243191915.898708
2019-08-22 00:00:00,646594374.5437907,2.659555549827294,243121214.21407393
2019-08-23 00:00:00,661065428.8120079,2.716844574380358,243321033.1742219
2019-08-24 00:00:00,655562384.2516005,2.6957099444127075,243187285.6389312
2019-08-25 00:00:00,654904823.075935,2.688582583895372,243587393.22303855
2019-08-26 00:00:00,637596301.0313175,2.6186547459180742,243482384.23762983
2019-08-27 00:00:00,636638606.3636283,2.6154168511947855,243417643.37596753
2019-08-28 00:00:00,625470698.3116485,2.576802442875323,242731335.51275182
2019-08-29 00:00:00,573123729.0604528,2.3304452774379145,245928850.85486478
2019-08-30 00:00:00,530134712.0734966,2.1736997584309163,243885895.4725992
2019-08-31 00:00:00,525863304.1513856,2.1640392411236733,243000817.2487353
2019-09-01 00:00:00,494046889.83540833,2.02930195974032,243456567.64586633
2019-09-02 00:00:00,518432273.2753982,2.1272542492182347,243709595.81626028
2019-09-03 00:00:00,521367510.7833261,2.125323322534021,245312092.16755787
2019-09-04 00:00:00,527268483.5428155,2.16122573992104,243967334.74129322
2019-09-05 00:00:00,495784402.48028386,2.0330420346370484,243863330.92655137
2019-09-06 00:00:00,474700085.64352435,1.9459297310923374,243945132.27209595
2019-09-07 00:00:00,497126522.1898728,2.0373246426175515,244009477.81751928
2019-09-08 00:00:00,531653080.63840234,2.178562445314765,244038485.920741
2019-09-09 00:00:00,665671679.764023,2.7275370575095477,244055961.74441445
2019-09-10 00:00:00,668836501.6752145,2.7369033514860974,244377099.14456657
2019-09-11 00:00:00,628591978.3871903,2.5815509377144563,243493928.08948654
2019-09-12 00:00:00,626615191.5681808,2.565976954386717,244201410.49861667
2019-09-13 00:00:00,760670832.9134762,3.112462391821576,244395188.488781
2019-09-14 00:00:00,774275195.5724449,3.1669360906511392,244487155.22176823
2019-09-15 00:00:00,758949999.1333848,3.1073288859941752,244245146.5482909
2019-09-16 00:00:00,839417263.6739081,3.4346803357164353,244394581.62816635
2019-09-17 00:00:00,807393066.5328835,3.3091056034978505,243991326.7438302
2019-09-18 00:00:00,809157714.6035535,3.31025080695252,244440002.2210038
2019-09-19 00:00:00,805071126.5025132,3.2910281354902122,244626023.6491702
2019-09-20 00:00:00,762632160.9852296,3.1213473118264066,244327876.64983925
2019-09-21 00:00:00,775361654.229163,3.1809748782842404,243749694.32244587
2019-09-22 00:00:00,749297213.7115813,3.064289480755041,244525596.68969476
2019-09-23 00:00:00,708663588.4205943,2.902197508934738,244181723.06980988
2019-09-24 00:00:00,633680168.0808675,2.5794494016100473,245664895.6499536
2019-09-25 00:00:00,550956687.1219375,2.2503500132131946,244831552.37493303
2019-09-26 00:00:00,563766590.8758713,2.301567712921389,244948948.36714587
2019-09-27 00:00:00,547026812.6033953,2.232889716197372,244986041.466923
2019-09-28 00:00:00,552933307.1375464,2.259638012160796,244699949.35551634
2019-09-29 00:00:00,553666361.0685115,2.273282854752816,243553660.69424477
2019-09-30 00:00:00,539794962.8627348,2.202639204151483,245067354.583239
2019-10-01 00:00:00,643637648.7826858,2.633864265209178,244370090.47296858
2019-10-02 00:00:00,639191723.426173,2.604493680386911,245418803.75429353
2019-10-03 00:00:00,639179601.8605102,2.6048573566370763,245379886.24670953
2019-10-04 00:00:00,635752857.5821489,2.5885219242230786,245604586.78477848
2019-10-05 00:00:00,631552897.2158272,2.5678548378628308,245945716.20779577
2019-10-06 00:00:00,677867079.6851624,2.766809749925956,244999526.87506005
2019-10-07 00:00:00,647320231.9064821,2.6378589747442165,245396072.38451797
2019-10-08 00:00:00,709792491.206655,2.894818319200083,245194141.02740306
2019-10-09 00:00:00,708490050.050932,2.886912308982571,245414468.54706296
2019-10-10 00:00:00,712336966.8976479,2.90104437915877,245545008.5545426
2019-10-11 00:00:00,711853428.4495076,2.8993568247407455,245521152.26905885
2019-10-12 00:00:00,689887939.1243347,2.8146990125689957,245101851.40352505
2019-10-13 00:00:00,696010248.868148,2.8330638369272947,245674043.69646394
2019-10-14 00:00:00,704502276.1328707,2.866815835566077,245743820.5108005
2019-10-15 00:00:00,762921136.7018214,3.0999730163356434,246105734.6891492
2019-10-16 00:00:00,722041626.1058837,2.9373015594068552,245818010.6817801
2019-10-17 00:00:00,696919265.4511199,2.8441546681865906,245035642.1352675
2019-10-18 00:00:00,715348142.818814,2.9071014686034076,246069203.4813881
2019-10-19 00:00:00,674258267.0816431,2.74525899644822,245608253.3392986
2019-10-20 00:00:00,675827719.7460624,2.7482945567205865,245908037.07463458
2019-10-21 00:00:00,712973871.0665789,2.9013475755119895,245738868.75334582
2019-10-22 00:00:00,733036223.3470833,2.979315703848514,246041808.32537755
2019-10-23 00:00:00,706040956.6865282,2.867469668394177,246224385.37664497
2019-10-24 00:00:00,659186675.4614906,2.6785358407516378,246099628.54800287
2019-10-25 00:00:00,695611585.7884173,2.828273705866224,245949175.40888083
2019-10-26 00:00:00,743931148.4346219,3.0304421905422165,245486005.55931258
2019-10-27 00:00:00,757300741.393335,3.07500621558861,246276166.06243974
2019-10-28 00:00:00,783949984.7176753,3.1819205101553134,246376357.36519697
2019-10-29 00:00:00,764335501.3623995,3.107040027730501,246001176.21294338
2019-10-30 00:00:00,776144784.9963509,3.1546380060768917,246032915.18749076
2019-10-31 00:00:00,743211234.4216205,3.014715566877315,246527812.6358863
2019-11-01 00:00:00,806252734.6194432,3.2663927522430876,246832758.8792792
2019-11-02 00:00:00,808823865.3656716,3.2797654913760788,246610273.65902203
2019-11-03 00:00:00,843448604.4044636,3.4203680947785418,246595857.82362244
2019-11-04 00:00:00,835453141.6552479,3.38593209230972,246742438.67819038
2019-11-05 00:00:00,891071932.9975452,3.6111663820031397,246754604.67242756
2019-11-06 00:00:00,929173231.1629419,3.765178052741399,246780688.22971535
2019-11-07 00:00:00,947773010.363785,3.829038880943179,247522430.51925528
2019-11-08 00:00:00,954970012.9978459,3.8693218630907533,246805524.78904685
2019-11-09 00:00:00,940930453.9224612,3.805402286561706,247261756.59410238
2019-11-10 00:00:00,979617316.044028,3.966159455485398,246993931.29269373
2019-11-11 00:00:00,1037937839.7031518,4.201664584023325,247030151.728406
2019-11-12 00:00:00,1074621562.987916,4.3484143610817,247129522.10943303
2019-11-13 00:00:00,1041962748.2762625,4.222539982263006,246762079.8507723
2019-11-14 00:00:00,981656840.660325,3.9867353228574167,246230753.0254457
2019-11-15 00:00:00,981476109.1741663,3.9820894203479034,246472644.27538085
2019-11-16 00:00:00,971690106.5637596,3.916712258604049,248088203.16815373
2019-11-17 00:00:00,980216153.2204583,3.9654205193463405,247190972.16504973
2019-11-18 00:00:00,962341978.4879396,3.8970904680887712,246938577.98992684
2019-11-19 00:00:00,880580150.1557474,3.583296312639493,245745836.60570982
2019-11-20 00:00:00,860362236.7102283,3.4871638663701834,246722628.9557153
2019-11-21 00:00:00,822805456.2360498,3.3308797278366282,247023466.31124187
2019-11-22 00:00:00,790223768.0314765,3.1950319865634866,247328906.67596278
2019-11-23 00:00:00,726530444.7723709,2.9429537942149406,246871169.43546152
2019-11-24 00:00:00,792667944.7550988,3.215171351112023,246539875.54378426
2019-11-25 00:00:00,783665446.0132196,3.0874490445484213,253822956.98027968
2019-11-26 00:00:00,845217697.998072,3.4048966099786324,248235936.30450243
2019-11-27 00:00:00,863984511.7229365,3.4773047342768493,248463847.07281438
2019-11-28 00:00:00,884120394.2199261,3.5587454776595666,248435972.66792285
2019-11-29 00:00:00,909632627.9714842,3.672406890882175,247693857.18938535
2019-11-30 00:00:00,992460025.5870361,3.999583843250126,248140822.7663374
2019-12-01 00:00:00,969653120.5379301,3.923251444424182,247155486.78788462
2019-12-02 00:00:00,954831664.2720995,3.842392117329628,248499277.3032454
2019-12-03 00:00:00,912940742.8888277,3.6669126108757206,248967139.32618156
2019-12-04 00:00:00,900826939.5299861,3.6350449755564767,247817274.7758318
2019-12-05 00:00:00,889206116.1829084,3.581541915412578,248274664.148521
2019-12-06 00:00:00,868070776.6624068,3.4995075097158765,248055126.11484155
2019-12-07 00:00:00,906948092.0465931,3.6670867466307495,247321144.74245256
2019-12-08 00:00:00,936556785.9546762,3.772662982817854,248248197.68426517
2019-12-09 00:00:00,974885684.7293961,3.9154624006876757,248983538.8428647
2019-12-10 00:00:00,914473075.2467027,3.673332018758384,248949202.1349603
2019-12-11 00:00:00,890589025.6228076,3.572739870746839,249273403.0022288
2019-12-12 00:00:00,734764702.4895205,3.825635234254408,192063450.2501704
2019-12-13 00:00:00,788614386.7514738,4.110970332085402,191831690.09916636
2019-12-14 00:00:00,762065908.2502145,3.976566195637936,191639185.85994038
2019-12-15 00:00:00,811909491.2442305,4.212020706612258,192760090.17943597
2019-12-16 00:00:00,865664716.0986155,4.5080346452736295,192027077.03371504
2019-12-17 00:00:00,776830960.3796402,4.053614438504695,191639084.6156052
2019-12-18 00:00:00,690526151.4075421,3.6185821278975703,190827823.44054306
2019-12-19 00:00:00,822136067.6517072,4.303298170368838,191047897.4737745
2019-12-20 00:00:00,808026222.7129247,4.253615411651468,189962219.0806404
2019-12-21 00:00:00,820654247.2857878,4.292995897957457,191161199.9620691
2019-12-22 00:00:00,777198676.4146627,4.061631601636547,191351346.61191508
2019-12-23 00:00:00,814056831.5223322,4.267435133583084,190760212.1742908
2019-12-24 00:00:00,823905160.7587386,4.293998364406006,191873655.0037579
2019-12-25 00:00:00,839287699.6120011,4.388650447657177,191240498.55919686
2019-12-26 00:00:00,821230549.2577978,4.253194652778566,193085578.32435364
2019-12-27 00:00:00,865928771.6664505,4.552562277818436,190206903.01932544
2019-12-28 00:00:00,858752381.7945492,4.495390822982798,191029526.82204098
2019-12-29 00:00:00,843042370.8244903,4.402723449321489,191482018.01192236
2019-12-30 00:00:00,810957193.8894083,4.245553676821556,191013294.28875184
2019-12-31 00:00:00,792213723.0406704,4.154936461229097,190668071.68606398
2020-01-01 00:00:00,802500076.3422498,4.219578839577872,190184875.51770264
2020-01-02 00:00:00,836980587.5362209,4.381528163294225,191024810.6009987
2020-01-03 00:00:00,779186180.5459572,4.098819059472855,190100165.25251728
2020-01-04 00:00:00,805601900.0965127,4.227682415562312,190554024.85556895
2020-01-05 00:00:00,809483882.2481306,4.253197325895877,190323613.08974162
2020-01-06 00:00:00,795025155.2981652,4.199192098332791,189328122.33424968
2020-01-07 00:00:00,776049648.4488446,4.099196833372115,189317488.27743998
2020-01-08 00:00:00,772813152.4804995,4.084230654785973,189218782.63043335
2020-01-09 00:00:00,755260697.8279511,3.9943398150340594,189082735.27086252
2020-01-10 00:00:00,790724732.4627723,4.225668193352644,187124188.7156813
2020-01-11 00:00:00,805014087.5483177,4.284214126077123,187902393.2646979
2020-01-12 00:00:00,804135175.1218609,4.260330864814393,188749465.86029863
2020-01-13 00:00:00,801127778.3907889,4.250241306102097,188489951.6741802
2020-01-14 00:00:00,800526114.7223114,4.238315250534893,188878379.12040204
2020-01-15 00:00:00,850291612.6726928,4.509174346995887,188569247.32555
2020-01-16 00:00:00,859739082.8361377,4.560441672358426,188521012.78855407
2020-01-17 00:00:00,936909309.4467511,5.0709437123300996,184760344.93710464
2020-01-18 00:00:00,947313842.3067756,4.982434714416941,190130708.49993727
2020-01-19 00:00:00,872956997.2781415,4.6138974573923255,189201646.83753458
2020-01-20 00:00:00,858191467.971191,4.52891646370665,189491564.89161918
2020-01-21 00:00:00,852029654.8317266,4.497462006299394,189446771.00958866
2020-01-22 00:00:00,878301154.1294067,4.639352315134957,189315467.86479768
2020-01-23 00:00:00,878179755.0767971,4.644919691741183,189062419.4511326
2020-01-24 00:00:00,838377586.1429615,4.4317731065409625,189174302.47175324
2020-01-25 00:00:00,847175002.0329233,4.473028354987666,189396295.93187752
2020-01-26 00:00:00,835324724.1568238,4.415065837515164,189198701.64992863
2020-01-27 00:00:00,846435603.1405241,4.484176926580714,188760527.73991466
2020-01-28 00:00:00,850957728.5435896,4.504759129149233,188901937.73896655
2020-01-29 00:00:00,866501568.0255158,4.58311610717188,189063848.21226165
2020-01-30 00:00:00,837095024.6656117,4.399239375228653,190281763.1109476
2020-01-31 00:00:00,829561712.7708762,4.407097442750704,188233122.4909569
2020-02-01 00:00:00,831459347.0880946,4.3803093807607025,189817493.42638898
2020-02-02 00:00:00,824139648.3929918,4.370755240926432,188557721.25512704
2020-02-03 00:00:00,851835924.0150691,4.4104539051217815,193140194.26115015
2020-02-04 00:00:00,822606804.975622,4.270137820755881,192641745.88866264
2020-02-05 00:00:00,811726614.4885755,4.216921699574408,192492693.08711582
2020-02-06 00:00:00,828606565.9075363,4.316316553056086,191970759.2625145
2020-02-07 00:00:00,879077520.5329834,4.572763606524898,192242065.45001003
2020-02-08 00:00:00,924070102.601857,4.818459421614604,191777085.11078689
2020-02-09 00:00:00,891071585.8890561,4.647228265574023,191742590.41458797
2020-02-10 00:00:00,903750467.3097299,4.74121959341236,190615610.49934006
2020-02-11 00:00:00,914729701.2076702,4.785769125916166,191135359.2579664
2020-02-12 00:00:00,979685265.7017753,5.1140890089479845,191565939.50313464
2020-02-13 00:00:00,980819278.5435209,5.148892238726548,190491319.89332575
2020-02-14 00:00:00,936696346.0798512,4.901170449354042,191116868.05410016
2020-02-15 00:00:00,973942778.4589574,5.099030326850756,191005488.50049305
2020-02-16 00:00:00,879524171.7797556,4.5822367494548075,191942105.9779159
2020-02-17 00:00:00,844676987.2096071,4.408459983090803,191603641.7364501
2020-02-18 00:00:00,814708214.6492577,4.286006576859225,190085619.3380538
2020-02-19 00:00:00,844249430.3123792,4.426317026807774,190734062.92392153
2020-02-20 00:00:00,795949002.5428106,4.143746040368281,192084407.3909678
2020-02-21 00:00:00,846930919.8496827,4.451675684610327,190249914.83040118
2020-02-22 00:00:00,939460620.9340111,4.941599396160777,190112663.0507313
2020-02-23 00:00:00,947356717.8146574,4.987181254941107,189958349.092697
2020-02-24 00:00:00,915911724.8447849,4.8103521510571134,190404298.08106792
2020-02-25 00:00:00,831599025.2238003,4.3818900829557705,189780895.79619294
2020-02-26 00:00:00,764624560.5681208,4.056127769412525,188510965.1461661
2020-02-27 00:00:00,691872729.1770762,3.6644053282596643,188809006.42769977
2020-02-28 00:00:00,694687863.1038218,3.690617810198979,188230778.37647128
2020-02-29 00:00:00,672811796.2286097,3.555956799625285,189206965.70315713
2020-03-01 00:00:00,652119306.702302,3.4603270993625546,188455971.9289059
2020-03-02 00:00:00,634066044.3325337,3.37274030424158,187997292.15295
2020-03-03 00:00:00,695386973.0706817,3.7065411781654443,187610750.73631424
2020-03-04 00:00:00,677932499.7111754,3.6155996715658256,187502091.29695487
2020-03-05 00:00:00,696621598.6068698,3.7317468787550467,186674397.06930786
2020-03-06 00:00:00,704994145.8568728,3.772895315228911,186857595.282656
2020-03-07 00:00:00,716612871.4401519,3.843202168550896,186462444.60003397
2020-03-08 00:00:00,678216626.1841536,3.6163339727974946,187542586.3003201
2020-03-09 00:00:00,579215929.6679977,3.0841452409506935,187804362.12188676
2020-03-10 00:00:00,561194841.2596669,3.023317563049832,185622194.6772771
2020-03-11 00:00:00,577983175.0986769,3.0657517999890485,188529017.61347464
2020-03-12 00:00:00,561007784.8131261,2.9935198148139266,187407406.5041716
2020-03-13 00:00:00,295709804.27253854,1.6092393792935413,183757499.39847708
2020-03-14 00:00:00,334780310.0023539,1.8033212472576152,185646517.78570685
2020-03-15 00:00:00,340950989.8433033,1.8361767012811048,185685282.6884368
2020-03-16 00:00:00,366643613.31742096,1.9264340967539302,190322427.29466885
2020-03-17 00:00:00,315540342.44677883,1.6787377855466232,187962852.30693963
2020-03-18 00:00:00,338405272.8638089,1.7809116369274338,190018003.0535663
2020-03-19 00:00:00,337091535.0627884,1.7962838468441031,187660505.69069338
2020-03-20 00:00:00,392959286.1811902,2.064904602621882,190303845.3603309
2020-03-21 00:00:00,410911918.40668344,2.1680632286501895,189529490.18120304
2020-03-22 00:00:00,408154676.2717227,2.1584656934514195,189094817.44835016
2020-03-23 00:00:00,364853589.0153491,1.9274202641930542,189296333.44293025
2020-03-24 00:00:00,396860252.85467076,2.109893408839652,188094929.91066614
2020-03-25 00:00:00,405306124.0040843,2.1460165129333366,188864401.35079923
2020-03-26 00:00:00,390656759.61307067,2.086183335473802,187259074.00863543
2020-03-27 00:00:00,405518671.75853866,2.160999452106325,187653296.88690102
2020-03-28 00:00:00,369806246.0271786,1.9967796971317315,185201325.19295228
2020-03-29 00:00:00,369486220.3424723,1.9774760168069785,186847383.837848
2020-03-30 00:00:00,348388380.02445334,1.8555395425689427,187755837.06619334
2020-03-31 00:00:00,368252962.8930992,1.9664507258227062,187267831.35592315
2020-04-01 00:00:00,366029972.80651647,1.9546461740933616,187261499.11827132
2020-04-02 00:00:00,370927126.76841784,1.9757231454326503,187742461.6024281
2020-04-03 00:00:00,369544829.9992059,1.9886612265850967,185825934.0801769
2020-04-04 00:00:00,368397179.02998143,1.9791993355478374,186134449.62986004
2020-04-05 00:00:00,375571865.4879026,2.023528039980136,185602501.20951593
2020-04-06 00:00:00,382654304.5897502,2.066797460833434,185143591.39741018
2020-04-07 00:00:00,444079378.92047656,2.399258249089664,185090279.08478418
2020-04-08 00:00:00,434087419.71319723,2.3417598477817347,185368034.268925
2020-04-09 00:00:00,457136123.42806673,2.4769663589952713,184554837.31861997
2020-04-10 00:00:00,479211437.8054799,2.5812363365642925,185651902.9339737
2020-04-11 00:00:00,427143173.793021,2.3022527483797255,185532702.30370447
2020-04-12 00:00:00,426977798.1921999,2.305321232042503,185214013.67300975
2020-04-13 00:00:00,431444092.8306434,2.3100032522658656,186772071.60095686
2020-04-14 00:00:00,420088325.6200302,2.2620657367958374,185710043.16394243
2020-04-15 00:00:00,438430414.22889906,2.3585085984475014,185893074.34261543
2020-04-16 00:00:00,422457419.45654,2.269667331566875,186131867.6886866
2020-04-17 00:00:00,448185881.3748629,2.4085267970000706,186082995.6025811
2020-04-18 00:00:00,442506546.2216882,2.3706853398484036,186657646.5394538
2020-04-19 00:00:00,464249972.5810399,2.5072720238082624,185161389.81836393
2020-04-20 00:00:00,442864983.9523474,2.384795346989111,185703559.22216982
2020-04-21 00:00:00,423519941.59643066,2.2753898696446644,186130714.23341158
2020-04-22 00:00:00,421821086.6677337,2.2722231852936305,185642453.34607103
2020-04-23 00:00:00,443665242.9929437,2.385363839485233,185994788.57224888
2020-04-24 00:00:00,444634846.21046984,2.396465713022384,185537745.77050117
2020-04-25 00:00:00,508819814.0797977,2.742568058673059,185526777.52908006
2020-04-26 00:00:00,533084321.36683494,2.871219899278245,185664748.8061919
2020-04-27 00:00:00,520599431.2706877,2.80268487399832,185750255.44273862
2020-04-28 00:00:00,514141294.23812735,2.76576475772746,185894802.80332327
2020-04-29 00:00:00,522567761.73990315,2.8012730985194927,186546524.86974105
2020-04-30 00:00:00,547465272.433097,2.929493322965155,186880532.5963219
2020-05-01 00:00:00,512715438.3932127,2.7282005836077876,187931723.7426857
2020-05-02 00:00:00,529109576.7454226,2.829365913494568,187006415.19071528
2020-05-03 00:00:00,536517846.57531744,2.870845776643251,186884942.04054502
2020-05-04 00:00:00,517820450.4525026,2.775655037738356,186557927.19632417
2020-05-05 00:00:00,515016386.4458171,2.7594713306365364,186635889.537224
2020-05-06 00:00:00,504083387.4344879,2.70236270995127,186534318.86779463
2020-05-07 00:00:00,498712108.21371454,2.6438034042116128,188634339.23235735
2020-05-08 00:00:00,512234515.93206,2.723267898295407,188095528.99760115
2020-05-09 00:00:00,528367163.9632321,2.80779908260449,188178408.9312841
2020-05-10 00:00:00,514724906.8261266,2.753669398843995,186923276.64396125
2020-05-11 00:00:00,470156515.5235783,2.5157553964247916,186884828.38662714
2020-05-12 00:00:00,446680325.9020722,2.3850199086198867,187285785.0316846
2020-05-13 00:00:00,464471524.50882244,2.483506430450031,187022477.09689102
2020-05-14 00:00:00,476225666.07089984,2.5464360977259886,187016539.11369604
2020-05-15 00:00:00,471120472.687941,2.520383862299093,186924095.069465
2020-05-16 00:00:00,460133671.76098514,2.467019649664657,186513987.36265895
2020-05-17 00:00:00,477507850.82447124,2.5556101116515926,186846909.33386403
2020-05-18 00:00:00,474662222.18605864,2.5381327289381845,187012372.03801838
2020-05-19 00:00:00,483770307.4418051,2.592782411046848,186583457.74818823
2020-05-20 00:00:00,486872530.870401,2.6076771231351565,186707367.46926868
2020-05-21 00:00:00,504058194.3221842,2.7032876695038954,186461174.66835797
2020-05-22 00:00:00,470347523.88954455,2.5100288231052788,187387299.92257807
2020-05-23 00:00:00,486363977.41651905,2.597443993895052,187247147.02594286
2020-05-24 00:00:00,485899854.79511255,2.5906900014402416,187556154.74062368
2020-05-25 00:00:00,469223846.2002621,2.4956210075858563,188018871.76537544
2020-05-26 00:00:00,488506866.6429436,2.6134302380443475,186921716.72755173
2020-05-27 00:00:00,482919043.47404397,2.5811242933243266,187096392.34462222
2020-05-28 00:00:00,487132882.23948175,2.5999494954180657,187362440.346616
2020-05-29 00:00:00,499807420.34361315,2.6645082911828646,187579607.8389127
2020-05-30 00:00:00,498177191.2661315,2.6740842807893035,186298238.5577936
2020-05-31 00:00:00,524231344.8534227,2.820472875330498,185866472.76017296
2020-06-01 00:00:00,506728476.10827374,2.7400800304692434,184931998.5086332
2020-06-02 00:00:00,532527949.48370636,2.855637924238037,186483007.864451
2020-06-03 00:00:00,513910514.9357329,2.7574492953594794,186371700.76004466
2020-06-04 00:00:00,541467907.0630304,2.8994751110740657,186746871.87173402
2020-06-05 00:00:00,572550337.0074856,3.075357395963259,186173593.27375096
2020-06-06 00:00:00,579427896.0378524,3.087986459187078,187639390.16442078
2020-06-07 00:00:00,573171422.0424594,3.067054634550949,186880082.14316604
2020-06-08 00:00:00,563717740.2878487,3.0201548853883633,186651930.6725423
2020-06-09 00:00:00,589635412.7659358,3.1469109081450224,187369591.95120722
2020-06-10 00:00:00,583916317.8090987,3.1161295221056733,187385124.29179353
2020-06-11 00:00:00,580665206.1924332,3.113217907807041,186516081.87666354
2020-06-12 00:00:00,515139904.558306,2.7700954719444946,185964675.14410204
2020-06-13 00:00:00,531996996.29072535,2.861570301186327,185910860.2260005
2020-06-14 00:00:00,534195276.1133311,2.873287795392031,185917775.7863429
2020-06-15 00:00:00,513827450.8939017,2.7581963591005816,186291106.21458995
2020-06-16 00:00:00,503996054.4461122,2.708458743361052,186082234.28970534
2020-06-17 00:00:00,505533537.500051,2.723378612161181,185627343.639479
2020-06-18 00:00:00,501674559.9196007,2.703986818674321,185531436.93413267
2020-06-19 00:00:00,492169388.241993,2.6494131679317716,185765434.47400406
2020-06-20 00:00:00,481745817.25865245,2.6024858474881905,185109870.13574472
2020-06-21 00:00:00,486617625.21844214,2.621796211871006,185604671.71900243
2020-06-22 00:00:00,482744327.6889526,2.5998353468343334,185682654.2022217
2020-06-23 00:00:00,500297093.4303316,2.6913589791427985,185890138.51644453
2020-06-24 00:00:00,512907645.0082757,2.763624528949818,185592376.83535162
2020-06-25 00:00:00,499285460.42198473,2.677317724658099,186487190.45317826
2020-06-26 00:00:00,488059054.11557496,2.6226531379478875,186093634.36350566
2020-06-27 00:00:00,488063671.94338065,2.622575344738205,186100915.2406643
2020-06-28 00:00:00,452225584.1292911,2.428831344553895,186190607.73540524
2020-06-29 00:00:00,466503817.951551,2.510540021207384,185818116.4254841
2020-06-30 00:00:00,492677816.38272464,2.645487392013858,186233288.3800581
2020-07-01 00:00:00,483876645.68977696,2.5966333418812506,186347697.95384753
2020-07-02 00:00:00,496962202.4801239,2.660392546095495,186800328.8497732
2020-07-03 00:00:00,497144362.9144708,2.6595019853196193,186931374.99377498
2020-07-04 00:00:00,501746980.7808935,2.687854490657985,186671928.3074234
2020-07-05 00:00:00,516018770.4925474,2.768713040552592,186374955.77712816
2020-07-06 00:00:00,544624888.9948455,2.9207295453257593,186468784.7823656
2020-07-07 00:00:00,562407908.6203815,3.0167738958928947,186426934.21142915
2020-07-08 00:00:00,601208340.4302506,3.211976540056396,187177064.6306447
2020-07-09 00:00:00,666070104.4275222,3.5523587944561466,187500796.78522313
2020-07-10 00:00:00,712802754.7337536,3.7797779204742077,188583236.8279261
2020-07-11 00:00:00,769199265.8789334,4.066613960627813,189149811.9384272
2020-07-12 00:00:00,747982016.3329355,3.9346764082251022,190100007.9115384
2020-07-13 00:00:00,759991399.4111261,4.017786703656249,189156731.17229494
2020-07-14 00:00:00,734779154.4533521,3.876939521438514,189525565.30485082
2020-07-15 00:00:00,752015309.6271551,3.9544722656000086,190168310.48960522
2020-07-16 00:00:00,768803262.8144563,4.043584018015969,190129167.43885997
2020-07-17 00:00:00,763591386.989658,4.058263490610021,188157173.3221487
2020-07-18 00:00:00,786371681.3875232,4.138080211884812,190032972.0842571
2020-07-19 00:00:00,832010012.2758662,4.372712420195288,190273206.267406
2020-07-20 00:00:00,796869555.532821,4.190709159862818,190151481.55948538
2020-07-21 00:00:00,738703008.6978364,3.880842632691582,190346035.284998
2020-07-22 00:00:00,758583997.102827,4.004905339878008,189413714.61377257
2020-07-23 00:00:00,762019163.5151345,4.007637175044355,190141754.41335973
2020-07-24 00:00:00,755296099.9973328,3.9508595472495522,191172602.0539361
2020-07-25 00:00:00,723850830.0714909,3.8113953415035384,189917540.74662393
2020-07-26 00:00:00,744227650.9850808,3.9079970497184626,190437106.66022533
2020-07-27 00:00:00,724550496.9105366,3.801976885324603,190572041.53640622
2020-07-28 00:00:00,686107081.3203907,3.5966674698676697,190761889.18449953
2020-07-29 00:00:00,714699398.8922032,3.7467733246572736,190750637.13857803
2020-07-30 00:00:00,691361534.0443323,3.6312557741113967,190391858.09309042
2020-07-31 00:00:00,709174557.8216509,3.7271676423070534,190271709.21206105
2020-08-01 00:00:00,722355972.8108596,3.7955148816175313,190318308.67252818
2020-08-02 00:00:00,773528943.9401164,4.084184851107092,189396164.01800165
2020-08-03 00:00:00,732497040.3621571,3.881930339787207,188694019.79075953
2020-08-04 00:00:00,727699918.851656,3.846957926503175,189162432.43479502
2020-08-05 00:00:00,949392998.1854075,4.000007620251127,237347797.38389677
2020-08-06 00:00:00,987083917.2048665,4.1622190571378095,237153283.77830368
2020-08-07 00:00:00,994499291.9859141,4.187906209482348,237469332.46359417
2020-08-08 00:00:00,951509877.4055109,4.010042685627311,237281732.88925016
2020-08-09 00:00:00,1047626611.2699391,4.414955151430974,237290431.12258628
2020-08-10 00:00:00,1244048477.7605028,5.259324595405031,236541490.29846978
2020-08-11 00:00:00,1290538293.689665,5.422001409432881,238018804.540416
2020-08-12 00:00:00,1168796945.9176192,4.916134319737038,237747154.5529573
2020-08-13 00:00:00,1415963156.3863935,5.966474129079834,237319918.892327
2020-08-14 00:00:00,1441637749.8667107,6.024396995356216,239299925.11747944
2020-08-15 00:00:00,1448905731.6229117,6.097506309289474,237622670.33910602
2020-08-16 00:00:00,1447295818.0520184,6.0944165553883085,237478978.48767957
2020-08-17 00:00:00,1476117930.1046615,6.209682362846288,237712308.593521
2020-08-18 00:00:00,1420109797.065809,5.91156809604445,240225566.8874107
2020-08-19 00:00:00,1378658317.806567,5.800620944305702,237674264.7112556
2020-08-20 00:00:00,1346687504.6524885,5.674703539774659,237314160.1518738
2020-08-21 00:00:00,1495428018.6079865,6.28773874825818,237832403.4251976
2020-08-22 00:00:00,1341530817.2501543,5.605110886616306,239340638.2830741
2020-08-23 00:00:00,1539860353.9060082,6.451114599924576,238696791.08227462
2020-08-24 00:00:00,1992615570.6620789,8.466918475831358,235341296.40552917
2020-08-25 00:00:00,1923888553.6920514,8.144017617444595,236233348.70630145
2020-08-26 00:00:00,2001179625.9939837,8.404247653671781,238115261.289293
2020-08-27 00:00:00,1838706337.0578105,7.71570987730703,238306826.7594794
2020-08-28 00:00:00,1725880021.8014822,7.255626341736423,237867820.15960914
2020-08-29 00:00:00,1807535899.3539019,7.5715702451563605,238726689.55428472
2020-08-30 00:00:00,1743439330.2466261,7.285038159454287,239317803.43306053
2020-08-31 00:00:00,1818893165.0820708,7.632812148220818,238299217.8716266
2020-09-01 00:00:00,1738674153.7788272,7.262357993671164,239409039.77661356
2020-09-02 00:00:00,1730709733.8608327,7.200707884681863,240352721.0904623
2020-09-03 00:00:00,1585365861.0191967,6.654594948788346,238236267.30397117
2020-09-04 00:00:00,1188994589.5428715,4.948208604238474,240287886.91819048
2020-09-05 00:00:00,1311302091.0535069,5.497519278999506,238526146.88641
2020-09-06 00:00:00,1168469509.62625,4.91165325638954,237897393.93883213
2020-09-07 00:00:00,1237650675.0663762,5.188742161905485,238526146.88641
2020-09-08 00:00:00,1201513294.1791975,5.038472478909613,238467769.58861542
2020-09-09 00:00:00,1176259956.7316053,4.945210770006631,237858407.1412649
2020-09-10 00:00:00,1268302567.7937722,5.3262448907763815,238123216.9760219
2020-09-11 00:00:00,1271915027.6531744,5.326584055292699,238786249.20775458
2020-09-12 00:00:00,1273871091.4011378,5.3358892007825105,238736421.14126435
2020-09-13 00:00:00,1333509893.0164955,5.598246640908471,238201347.41332093
2020-09-14 00:00:00,1245861793.3403006,5.264414433687349,236657240.61691374
2020-09-15 00:00:00,1290585556.9469476,5.407956102755766,238645716.1309604
2020-09-16 00:00:00,1161683588.7988436,4.874155917376524,238335336.10556114
2020-09-17 00:00:00,1215274441.420886,5.1488092293301,236030194.02973738
2020-09-18 00:00:00,1208964768.8591197,5.057111378715239,239062318.05522498
2020-09-19 00:00:00,1174510413.0914092,4.964643914575372,236574955.48537555
2020-09-20 00:00:00,1177258499.896258,4.9362069725470406,238494557.9558636
2020-09-21 00:00:00,1111782290.2751918,4.667282487402415,238207627.94539064
2020-09-22 00:00:00,985811135.8203849,4.104058869932353,240203946.15748626
2020-09-23 00:00:00,996446987.746109,4.21020863515192,236674016.44340447
2020-09-24 00:00:00,921007397.1574746,3.8591658027208426,238654529.045664
2020-09-25 00:00:00,1068784136.7025828,4.46932539442739,239137686.87220758
2020-09-26 00:00:00,1143910606.3199813,4.780944733376834,239264553.37040147
2020-09-27 00:00:00,1096424930.356917,4.602389891987967,238229475.57433572
2020-09-28 00:00:00,1123480547.726561,4.717668682413769,238143164.21045035
2020-09-29 00:00:00,1152678553.8377128,4.827954370488682,238750921.27704588
2020-09-30 00:00:00,1255939496.634055,5.270804888432055,238282297.14791596
2020-10-01 00:00:00,1278519043.1434126,5.360154834857025,238522781.9967472
2020-10-02 00:00:00,1219537253.0360346,5.134419511386971,237521934.141022
2020-10-03 00:00:00,1165834068.0957136,4.9036981115369915,237745889.24078366
2020-10-04 00:00:00,1198281802.4827797,5.016915866081624,238848295.34099346
2020-10-05 00:00:00,1276571822.332943,5.3170291026029375,240091185.82931972
2020-10-06 00:00:00,1281139079.9330547,5.362318784346142,238915128.22270063
2020-10-07 00:00:00,1131471967.3942153,4.744653316224609,238473054.1902995
2020-10-08 00:00:00,1161713417.6008992,4.871880655606843,238452765.92806765
2020-10-09 00:00:00,1204249724.3926048,5.05110187439021,238413271.8641686
2020-10-10 00:00:00,1228902192.4149163,5.165234703604899,237917977.1941914
2020-10-11 00:00:00,1320134307.8750753,5.51781217298289,239249591.41213754
2020-10-12 00:00:00,1460980280.1556356,6.069327171681734,240715360.83476883
2020-10-13 00:00:00,1430095698.2870412,5.984679080576134,238959462.82709756
2020-10-14 00:00:00,1433395948.4694,6.011573431971666,238439397.72008693
2020-10-15 00:00:00,1369757310.0372636,5.748549689298225,238278763.17869693
2020-10-16 00:00:00,1370560227.2873175,5.746713785796683,238494603.7637601
2020-10-17 00:00:00,1295742173.8151186,5.4114492729286905,239444575.46653846
2020-10-18 00:00:00,1300936462.756566,5.4680435327611905,237916259.2547309
2020-10-19 00:00:00,1373264611.111607,5.763025562234492,238288828.72057793
2020-10-20 00:00:00,1312758533.8485959,5.505448971264868,238447134.9567321
2020-10-21 00:00:00,1202611876.1030483,5.035540455804686,238824786.86408836
2020-10-22 00:00:00,1245551744.4426305,5.232906502078655,238022931.2233771
2020-10-23 00:00:00,1291242296.216339,5.41604699204356,238410467.65532827
2020-10-24 00:00:00,1274819531.2290225,5.346871341274191,238423453.61637697
2020-10-25 00:00:00,1320557927.5583746,5.539919602362892,238371316.25432414
2020-10-26 00:00:00,1265517609.8084035,5.302331660332057,238671907.1679403
2020-10-27 00:00:00,1225755571.948163,5.144314053589588,238273861.03942427
2020-10-28 00:00:00,1221325186.4218194,5.141198093519055,237556531.41656032
2020-10-29 00:00:00,1142272065.7627413,4.7961508465087865,238164332.67402834
2020-10-30 00:00:00,1103661955.8333266,4.626591651290841,238547518.13365668
2020-10-31 00:00:00,1105097495.6446996,4.62669555310133,238852434.30463874
2020-11-01 00:00:00,1097747240.2637484,4.598148926248597,238736773.8346279
2020-11-02 00:00:00,1127995336.9390874,4.734169007735623,238266807.77470028
2020-11-03 00:00:00,1102649066.4845374,4.604922171985456,239450098.24327165
2020-11-04 00:00:00,1059972656.6255693,4.463162308018787,237493638.6967506
2020-11-05 00:00:00,1046186140.3115981,4.390757163670933,238270098.14337456
2020-11-06 00:00:00,1076261805.1279745,4.517789757459862,238227510.11173773
2020-11-07 00:00:00,1161917191.073949,4.867243143609774,238721830.15952995
2020-11-08 00:00:00,1104517622.254951,4.612330269448324,239470627.15156806
2020-11-09 00:00:00,1148978452.7749386,4.808416341278322,238951532.3187429
2020-11-10 00:00:00,1224133564.6427374,5.1472769711697985,237821584.4026233
2020-11-11 00:00:00,1212879674.7302349,5.083079033453266,238611217.08868
2020-11-12 00:00:00,1199048852.2477674,5.031714936646809,238298247.68388548
2020-11-13 00:00:00,1203975856.2370827,5.0424521896242736,238767926.98490497
2020-11-14 00:00:00,1237854131.6535187,5.211560129238589,237520838.47382754
2020-11-15 00:00:00,1205422230.6894882,5.045263002157911,238921584.4989482
2020-11-16 00:00:00,1188942686.0749435,4.9885306282661865,238335248.32705545
2020-11-17 00:00:00,1213934287.420789,5.08576564561689,238692533.63394845
2020-11-18 00:00:00,1263047631.688492,5.291463118327302,238695348.23248607
2020-11-19 00:00:00,1218642404.317669,5.108092834149489,238570919.49672368
2020-11-20 00:00:00,1213594793.870088,5.09017882699742,238418891.5786992
2020-11-21 00:00:00,1259269202.1687746,5.2726154772816844,238831981.5079698
2020-11-22 00:00:00,1393439567.9976556,5.9027006771207216,236068139.69048512
2020-11-23 00:00:00,1307208271.5934405,5.4665733170382325,239127547.69411576
2020-11-24 00:00:00,1376059796.764834,5.789096385879374,237698546.55059576
2020-11-25 00:00:00,1409366263.9883165,5.919299120105595,238096814.40176564
2020-11-26 00:00:00,1416197290.6300197,5.94444172964406,238238905.35719296
2020-11-27 00:00:00,1267869920.1098523,5.32479993698823,238106583.36714423
2020-11-28 00:00:00,1277127624.2206874,5.358591623892802,238332702.66878545
2020-11-29 00:00:00,1295093994.5692172,5.435869054340263,238249667.46304363
2020-11-30 00:00:00,1285789203.5110645,5.417740909949374,237329400.7378215
2020-12-01 00:00:00,1327446090.665672,5.548419933677368,239247588.77900407
2020-12-02 00:00:00,1261307319.1820285,5.2778033370020685,238983387.33827934
2020-12-03 00:00:00,1318098464.1996722,5.518775637208894,238838929.2930736
2020-12-04 00:00:00,1312848552.9527104,5.507267290130525,238384753.05265152
2020-12-05 00:00:00,1208203418.937135,5.070972931823404,238258700.09183687
2020-12-06 00:00:00,1249300978.1675243,5.248480293205051,238030993.42583656
2020-12-07 00:00:00,1242424102.7785592,5.2025242143067345,238811786.66347048
2020-12-08 00:00:00,1218036897.8079224,5.102278577657633,238724107.13550293
2020-12-09 00:00:00,1133813935.3716502,4.729897032846519,239712181.3641903
2020-12-10 00:00:00,1144910979.0156052,4.799490829076566,238548425.195322
2020-12-11 00:00:00,1113925502.9189408,4.66495010501346,238786155.87373504
2020-12-12 00:00:00,1124020340.5352979,4.711288329284222,238580248.53810388
2020-12-13 00:00:00,1210892183.9139612,5.067045159201653,238974026.453071
2020-12-14 00:00:00,1233842843.741587,5.183790513286639,238019426.2440021
2020-12-15 00:00:00,1252216820.732184,5.223894456812801,239709441.1237752
2020-12-16 00:00:00,1267180627.3114376,5.312275511493894,238538197.9096726
2020-12-17 00:00:00,1301923330.23746,5.486716942310322,237286403.49528438
2020-12-18 00:00:00,1279160566.249596,5.361545133037227,238580583.4902993
2020-12-19 00:00:00,1273823141.2807891,5.3466740426825945,238245894.75846782
2020-12-20 00:00:00,1262831486.6787977,5.294691777700781,238508970.81438458
2020-12-21 00:00:00,1201796720.989414,5.027213312819282,239058230.91390592
2020-12-22 00:00:00,1204194733.4378085,5.051846904334309,238367226.13360497
2020-12-23 00:00:00,1179818828.934859,4.957461975168139,237988477.7421503
2020-12-24 00:00:00,1056498013.6305854,4.413825832991345,239361056.2822262
2020-12-25 00:00:00,1181530696.343662,4.954463893746349,238478011.2809017
2020-12-26 00:00:00,1171594189.7206929,4.906735538445911,238772638.25222722
2020-12-27 00:00:00,1139947807.6849408,4.787170660897007,238125583.65557423
2020-12-28 00:00:00,1162390248.206731,4.833757085185352,240473451.13167986
2020-12-29 00:00:00,1256680815.9304185,5.321209359412949,236164512.81087333
2020-12-30 00:00:00,1340755080.744923,5.637142614804118,237843030.12378415
2020-12-31 00:00:00,1297013787.5382986,5.446063827611342,238156185.56699368
2021-01-01 00:00:00,1535360623.5289214,6.456155888923529,237813437.2751214
2021-01-02 00:00:00,1400400123.8866172,5.8722126482128845,238479123.25055307
2021-01-03 00:00:00,1289336359.9180584,5.418419854780378,237954310.38452047
2021-01-04 00:00:00,1399285437.7015789,5.805859307755104,241012632.84704486
2021-01-05 00:00:00,1389329069.0022447,5.849315153415683,237519954.48406503
2021-01-06 00:00:00,1479314485.5012825,6.223298928537338,237705837.7700275
2021-01-07 00:00:00,1611358087.9490366,6.736810297044329,239187095.50957593
2021-01-08 00:00:00,1481350944.2383695,6.275750203414635,236043643.5842151
2021-01-09 00:00:00,1407870477.6569827,5.953791442582491,236466206.65743554
2021-01-10 00:00:00,1587941763.4697092,6.60421795665234,240443573.1667815
2021-01-11 00:00:00,1543195778.962642,6.456502142546766,239014213.09742317
2021-01-12 00:00:00,1363616228.1862333,5.719331439346791,238422312.5809916
2021-01-13 00:00:00,1356854916.0997558,5.7037182022816175,237889542.9225418
2021-01-14 00:00:00,1479081027.9987123,6.2572767114517385,236377756.04389942
2021-01-15 00:00:00,1513207547.0284393,6.4334237681591855,235210301.94182557
2021-01-16 00:00:00,1916662912.410004,7.963016989367982,240695569.90385473
2021-01-17 00:00:00,2168903025.14005,9.05712539865608,239469249.8639665
2021-01-18 00:00:00,2056832811.0678053,8.544990570959136,240706270.41510418
2021-01-19 00:00:00,2259608930.045425,9.470579750222772,238592461.03621832
2021-01-20 00:00:00,2148725475.8279214,8.958723392737584,239847284.22018167
2021-01-21 00:00:00,2109111030.9838333,8.87161373342692,237737022.18763393
2021-01-22 00:00:00,1740570763.1167114,7.18722197161212,242175734.93507883
2021-01-23 00:00:00,1909815945.0297601,8.04942752386304,237261089.60767573
2021-01-24 00:00:00,1987300468.7884297,8.334086248300263,238454511.93809515
2021-01-25 00:00:00,1957270723.9454587,8.21729393217983,238189206.823985
2021-01-26 00:00:00,1857056694.991436,7.8053841268805435,237919962.01647758
2021-01-27 00:00:00,1844599223.8944552,7.7171447499946275,239026127.36345777
2021-01-28 00:00:00,1655179978.8994884,6.972074319525064,237401367.66244897
2021-01-29 00:00:00,1932354529.2581508,8.097813501315333,238626702.00348246
2021-01-30 00:00:00,1906737885.5177534,7.987134975150505,238726137.90176043
2021-01-31 00:00:00,1910777024.0121465,8.009867845568664,238552877.63196424
2021-02-01 00:00:00,1933062164.866592,8.12794314017588,237829193.8721366
2021-02-02 00:00:00,2122916484.7896128,9.189049979857533,231026764.40361756
2021-02-03 00:00:00,2140712403.1795049,8.900148313412927,240525475.2837494
2021-02-04 00:00:00,2193171957.910264,9.22324812610178,237787374.6780801
2021-02-05 00:00:00,2206918934.2728767,9.180319805463851,240396737.91749442
2021-02-06 00:00:00,2893049203.1228914,12.170545136406906,237709089.5023789
2021-02-07 00:00:00,2884646383.360158,12.083055583253856,238734843.47436473
2021-02-08 00:00:00,3218927769.5200925,13.786170159282849,233489629.99362397
2021-02-09 00:00:00,3390242101.7726774,14.33320866450471,236530576.0299436
2021-02-10 00:00:00,3600483068.2441072,15.076049250657647,238821392.02265123
2021-02-11 00:00:00,3552027503.419989,14.89622285385039,238451555.01965773
2021-02-12 00:00:00,4209728711.0386157,17.77399497827378,236847637.0216386
2021-02-13 00:00:00,5040303963.8326645,21.14101775067357,238413496.61002374
2021-02-14 00:00:00,4832595613.330834,20.18869688396907,239371349.28050655
2021-02-15 00:00:00,4605910932.008583,19.178633500883183,240158451.94583228
2021-02-16 00:00:00,5366151858.823967,22.368522517721654,239897465.4929751
2021-02-17 00:00:00,5940514784.383009,25.125151819281562,236436970.6942083
2021-02-18 00:00:00,5694463401.7121315,23.877405833636036,238487524.20542923
2021-02-19 00:00:00,5509977795.214844,23.11905026330649,238330629.1764083
2021-02-20 00:00:00,5409837266.182316,22.859627999711083,236654650.12163317
2021-02-21 00:00:00,5120948062.9297085,21.80761069394844,234823894.04313603
2021-02-22 00:00:00,5191035624.652332,21.671784245400495,239529683.66017443
2021-02-23 00:00:00,5022113135.567633,21.26830921676902,236131282.6695195
2021-02-24 00:00:00,4802772357.876554,20.193504581943586,237837485.7314785
2021-02-25 00:00:00,4675636339.796972,19.59427590624494,238622563.14900562
2021-02-26 00:00:00,4262040243.2573924,17.70089134452898,240781108.71940416
2021-02-27 00:00:00,4449239356.287194,18.83632325074485,236205298.51075137
2021-02-28 00:00:00,4593635356.443398,19.355633349039305,237328082.9206965
2021-03-01 00:00:00,4234947494.7012854,17.649929199843235,239941330.4580791
2021-03-02 00:00:00,4436392775.879903,18.672048025373833,237595403.02441365
2021-03-03 00:00:00,4508752066.095529,18.901338445307708,238541417.5372768
2021-03-04 00:00:00,5225002711.967252,21.722386314377967,240535392.2146593
2021-03-05 00:00:00,4529451595.053163,18.975222901028584,238703472.34801844
2021-03-06 00:00:00,4449742319.601929,18.7338417927507,237524281.9293912
2021-03-07 00:00:00,4516638906.693953,18.935613414511113,238526146.88640994
2021-03-08 00:00:00,4647043250.504965,19.50316592139768,238271225.77091512
2021-03-09 00:00:00,4618139790.214853,19.366422760425532,238461167.93710747
2021-03-10 00:00:00,5003352610.661301,21.122772327658804,236870072.4056831
2021-03-11 00:00:00,4680372475.2270355,19.599751678267317,238797539.4819286
2021-03-12 00:00:00,4560356784.960272,19.129267333852294,238396834.82754156
2021-03-13 00:00:00,4401030762.673318,18.41284596219948,239019582.94271198
2021-03-14 00:00:00,4625686406.782559,19.38557463881717,238614871.77791494
2021-03-15 00:00:00,4472796553.908299,18.670400130801642,239566186.1862975
2021-03-16 00:00:00,4830787771.024075,20.067493625963714,240727011.6071649
2021-03-17 00:00:00,5032005513.357358,21.083847107201933,238666382.2675179
2021-03-18 00:00:00,5020358014.314317,21.018598035492,238853134.05950963
2021-03-19 00:00:00,5341341154.955626,22.310514010911575,239409148.18651396
2021-03-20 00:00:00,5320921062.801447,22.26311909310373,239001599.0369322
2021-03-21 00:00:00,5047683679.656253,21.138843223962315,238787128.80250517
2021-03-22 00:00:00,4910495197.258009,20.576788579624132,238642447.933812
2021-03-23 00:00:00,4634483618.799305,19.37474916430244,239202251.31679338
2021-03-24 00:00:00,4477710605.894937,18.81444541580164,237993228.44425982
2021-03-25 00:00:00,4212382674.4733353,17.558524639256678,239905274.56136328
2021-03-26 00:00:00,4066850822.52236,17.09478556987532,237900078.12025577
2021-03-27 00:00:00,4495552704.276024,18.979792841686855,236859945.82628307
2021-03-28 00:00:00,4476287262.895266,18.696976640637004,239412357.88711768
2021-03-29 00:00:00,4597808125.437917,19.30710439543926,238140739.86796355
2021-03-30 00:00:00,4786320966.3340645,20.205403553882803,236883215.59973463
2021-03-31 00:00:00,4718832934.429052,19.84757898112101,237753578.858036
2021-04-01 00:00:00,4547557113.153633,19.0539225626015,238667765.0343478
2021-04-02 00:00:00,4640892111.940545,19.49203515505167,238091716.6947436
2021-04-03 00:00:00,4826068254.00362,20.182278547152915,239124053.44759384
2021-04-04 00:00:00,4832862583.096221,20.129287671236835,240091088.27045086
2021-04-05 00:00:00,5130214014.738472,21.61157808160742,237382665.68809947
2021-04-06 00:00:00,5102237212.060441,21.396994385199115,238455790.5754183
2021-04-07 00:00:00,5173494054.0253315,21.693863770371248,238477299.79253933
2021-04-08 00:00:00,4713646601.386936,19.628379921048335,240144455.13826105
2021-04-09 00:00:00,4892503805.763815,20.52087737083074,238415917.47525528
2021-04-10 00:00:00,5058548780.593177,21.379199297798976,236610768.7257475
2021-04-11 00:00:00,5043069192.10071,21.09606716549631,239052575.65490243
2021-04-12 00:00:00,5545446672.535228,23.2945561442923,238057623.34278214
2021-04-13 00:00:00,5277586862.893188,22.12109648220006,238577091.65275088
2021-04-14 00:00:00,5745930395.18868,24.11622884080136,238259905.10868564
2021-04-15 00:00:00,6349814344.576912,26.62631242077319,238478924.3148422
2021-04-16 00:00:00,6594393883.408855,27.735398967356,237760916.69603607
2021-04-17 00:00:00,6097863649.743082,25.535475684306984,238799688.91633254
2021-04-18 00:00:00,5885950449.764035,24.541026683219695,239841247.30155012
2021-04-19 00:00:00,5160838452.5781,21.43255910523884,240794317.9924145
2021-04-20 00:00:00,4641677270.192002,19.236729044647287,241292439.03258967
2021-04-21 00:00:00,5066795702.3468485,21.210681560634853,238879438.5443216
2021-04-22 00:00:00,4723363643.05089,19.779673939082056,238798862.79207766
2021-04-23 00:00:00,4560719331.226711,18.974931207249785,240354986.34557313
2021-04-24 00:00:00,4872861418.135137,20.494796081794306,237760912.51104173
2021-04-25 00:00:00,4420589297.453658,18.422882311348996,239951014.32800528
2021-04-26 00:00:00,4419414808.705526,18.560301803396484,238111150.10515538
2021-04-27 00:00:00,5294076184.703048,22.105823763334634,239487849.05649874
2021-04-28 00:00:00,5489441810.10109,22.965514684082844,239029775.10474715
2021-04-29 00:00:00,5473754373.2564535,22.968376391690573,238316992.02024272
2021-04-30 00:00:00,5270302376.279761,22.053458001744914,238978502.8662065
2021-05-01 00:00:00,5427021204.5368185,22.7795884012744,238240529.58890185
2021-05-02 00:00:00,5675733174.227128,23.77256544405646,238751395.49341977
2021-05-03 00:00:00,5499904954.460881,23.07431181476559,238356185.8144524
2021-05-04 00:00:00,5505613614.341372,23.040004694354273,238958875.54616985
2021-05-05 00:00:00,5063444289.269326,21.074836771913724,240260190.10582992
2021-05-06 00:00:00,5849546170.405898,24.73895598891405,236450809.525963
2021-05-07 00:00:00,6079728569.862177,25.485495061752744,238556424.15933704
2021-05-08 00:00:00,6778870413.469043,28.5538430724954,237406586.43595392
2021-05-09 00:00:00,6935286048.81555,29.356006937142066,236247595.37853992
2021-05-10 00:00:00,6839299397.521035,28.687656093378273,238405653.4719716
2021-05-11 00:00:00,6079822411.726809,25.439133406272077,238994871.19430783
2021-05-12 00:00:00,6425312579.002882,27.012899318219873,237860901.31647167
2021-05-13 00:00:00,5758926860.49263,23.229675298420972,247912499.27131313
2021-05-14 00:00:00,5548055581.051103,23.371162825812597,237388940.48196343
2021-05-15 00:00:00,6129223743.67828,25.652975986668643,238928370.215741
2021-05-16 00:00:00,5877552039.323613,24.62392145144141,238692770.804772
2021-05-17 00:00:00,5760684895.928548,24.373998931641303,236345497.1867693
2021-05-18 00:00:00,5050278698.529348,20.997528563227153,240517767.76119602
2021-05-19 00:00:00,5428517027.914929,22.99741014389802,236049059.17439997
2021-05-20 00:00:00,3440204972.1403937,14.083117871647202,244278646.49676594
2021-05-21 00:00:00,3917556281.292537,16.350326548133918,239601103.36387455
2021-05-22 00:00:00,3190863033.191848,13.30329993062348,239855002.12970865
2021-05-23 00:00:00,2947119998.6469755,12.336315191442432,238897916.67218107
2021-05-24 00:00:00,2784160580.081201,11.871411675092848,234526495.77662176
2021-05-25 00:00:00,3394865288.371372,14.31774929013702,237108865.3375131
2021-05-26 00:00:00,3313440805.6072245,13.889623630068996,238555118.11235198
2021-05-27 00:00:00,3604828465.7273498,15.143508321740502,238044473.5221721
2021-05-28 00:00:00,3408472586.7962685,14.484000728561501,235326734.00623238
2021-05-29 00:00:00,3042425509.4164844,12.755102738759017,238526146.88641003
2021-05-30 00:00:00,2931515199.5917892,12.229071930759693,239716898.89387035
2021-05-31 00:00:00,2984868761.225294,12.525648669244388,238300533.57271412
2021-06-01 00:00:00,3321220548.2489796,13.920352267044771,238587392.36877516
2021-06-02 00:00:00,3289893135.5288367,13.73060670833664,239602896.3185839
2021-06-03 00:00:00,3550491243.6059117,14.901919806088388,238257304.414919
2021-06-04 00:00:00,3998180401.4185233,16.606500427231467,240759961.37405786
2021-06-05 00:00:00,3611820815.255575,15.05807381624502,239859417.56767416
2021-06-06 00:00:00,3523071210.373065,14.915914495609627,236195454.9558494
2021-06-07 00:00:00,3594991752.458849,15.120116429867988,237762173.93123847
2021-06-08 00:00:00,3254646529.0285254,13.377394334989548,243294504.7090195
2021-06-09 00:00:00,3251382504.037901,13.56808648545366,239634565.08946243
2021-06-10 00:00:00,3339404351.0618467,13.989588737729592,238706398.99910364
2021-06-11 00:00:00,3075756185.8168783,12.824259742824596,239838887.19485888
2021-06-12 00:00:00,2804691355.670585,11.813532973466879,237413427.631675
2021-06-13 00:00:00,2790671120.724031,11.63022422057147,239949898.45405635
2021-06-14 00:00:00,2974251026.934036,12.579266623778347,236440733.4615093
2021-06-15 00:00:00,3172217126.2557817,13.292871325998368,238640474.917674
2021-06-16 00:00:00,3121312543.040755,13.046832286919102,239239109.87728548
2021-06-17 00:00:00,3105840395.5407887,13.259594112294822,234233444.0434289
2021-06-18 00:00:00,3226538367.985575,13.593814481435691,237353420.7335165
2021-06-19 00:00:00,2983220237.9233828,12.478050085899268,239077437.3709679
2021-06-20 00:00:00,2843053867.0216026,11.911410550212025,238683223.53904557
2021-06-21 00:00:00,2898805258.8668466,12.011719588703164,241331412.83060986
2021-06-22 00:00:00,2340244642.503139,9.683957717807186,241662005.42158696
2021-06-23 00:00:00,2113924561.7417564,8.918121897705955,237036966.5260496
2021-06-24 00:00:00,2297615621.137226,9.638009488468414,238391093.50185362
2021-06-25 00:00:00,2460951745.171435,10.310888157500553,238675049.86767215
2021-06-26 00:00:00,2233444562.5013857,9.350326374337717,238862738.37789756
2021-06-27 00:00:00,2240302808.454527,9.465741510130886,236674834.83008713
2021-06-28 00:00:00,2393476798.59227,10.001176618911206,239319521.0717956
2021-06-29 00:00:00,2973119514.5491004,10.89154726855281,272974944.8118722
2021-06-30 00:00:00,3226638067.0250463,11.609672231868801,277926715.1201612
2021-07-01 00:00:00,3312623709.587429,12.032506362796449,275306208.84022945
2021-07-02 00:00:00,3086491750.5039816,11.226299734254928,274934023.10345733
2021-07-03 00:00:00,3204327576.4150076,11.717782727035473,273458524.62530535
2021-07-04 00:00:00,3248112569.558036,11.796158673646879,275353414.566596
2021-07-05 00:00:00,3383584202.788073,12.220889854921232,276868889.49625355
2021-07-06 00:00:00,3745749485.8352323,13.592733429668197,275569995.1901924
2021-07-07 00:00:00,3658620324.21135,13.137723130026384,278482069.3815308
2021-07-08 00:00:00,3583076586.6898885,12.929144387399768,277131763.6596133
2021-07-09 00:00:00,3316122125.039502,12.033021363880904,275585160.5976026
2021-07-10 00:00:00,3645137371.068172,13.315208567327966,273757437.0417587
2021-07-11 00:00:00,3981477598.5372543,14.433961079347455,275840954.3056114
2021-07-12 00:00:00,3868991273.6244,14.02750382086493,275814665.46240014
2021-07-13 00:00:00,3599845759.9893174,13.06449674091347,275544158.4455259
2021-07-14 00:00:00,3319686110.4499526,12.005114325332157,276522656.9683753
2021-07-15 00:00:00,3225584626.8118877,11.70433887445096,275588793.3023639
2021-07-16 00:00:00,3135708141.8958974,11.339139882323922,276538447.7515806
2021-07-17 00:00:00,3099414058.28108,11.226461783989722,276081112.45710695
2021-07-18 00:00:00,3065942355.0254574,11.082312962162321,276651847.45218086
2021-07-19 00:00:00,3049301882.040152,11.052170591325718,275900725.27774704
2021-07-20 00:00:00,2797981610.713962,10.017648691336637,279305223.90285903
2021-07-21 00:00:00,2615855119.57259,9.472510385971665,276152256.6865217
2021-07-22 00:00:00,2884623021.237014,10.485530113811503,275105120.09663665
2021-07-23 00:00:00,3138252318.1531453,11.358338522434737,276295015.5037675
2021-07-24 00:00:00,3151169181.35981,11.412881822006963,276106353.3737419
2021-07-25 00:00:00,3175197317.259868,11.520045056506708,275623689.1162561
2021-07-26 00:00:00,3196322944.706438,11.565444654994996,276368357.64252084
2021-07-27 00:00:00,3160021673.059815,11.382775396894251,277614339.4625897
2021-07-28 00:00:00,3221865581.695136,11.70188016776775,275328881.81248045
2021-07-29 00:00:00,3196547129.0295377,11.577413158104347,276102017.38303787
2021-07-30 00:00:00,3261634419.943108,11.755971372180086,277444910.05325186
2021-07-31 00:00:00,3376920873.4914975,12.216065383063258,276432776.64290893
2021-08-01 00:00:00,3519593759.769344,12.712404206694377,276862952.321475
2021-08-02 00:00:00,3401179157.8754296,12.310648889471498,276279438.10372484
2021-08-03 00:00:00,3483523073.3667445,12.527917085047134,278060834.0331811
2021-08-04 00:00:00,3367857517.1789484,12.159292247867239,276978087.9121214
2021-08-05 00:00:00,3561839819.7144823,12.797567242383003,278321633.49909
2021-08-06 00:00:00,3605997303.552028,12.996847068201792,277451699.2182277
2021-08-07 00:00:00,3760834007.2723374,13.568904252233231,277165638.2388698
2021-08-08 00:00:00,3879647988.314069,14.002243703887075,277073308.4182119
2021-08-09 00:00:00,3651797601.512588,13.129581779666921,278135104.59015006
2021-08-10 00:00:00,3736545003.878501,13.61751604480496,274392553.7950059
2021-08-11 00:00:00,3908057859.5889893,14.070378129211155,277750734.4650226
2021-08-12 00:00:00,4040473479.4368186,14.575630236231728,277207463.0017104
2021-08-13 00:00:00,3893577606.4399843,14.033410781993673,277450554.74581057
2021-08-14 00:00:00,4238351960.633295,15.234263167038538,278211812.02931845
2021-08-15 00:00:00,4296581055.733097,15.448741620585867,278118513.54985356
2021-08-16 00:00:00,4359808137.153123,15.735914964221948,277060987.3697097
2021-08-17 00:00:00,4482190804.573157,15.8390498656663,282983565.4655669
2021-08-18 00:00:00,4495596299.419733,16.025198528819494,280532955.10410774
2021-08-19 00:00:00,5066893669.082184,18.323762044402923,276520381.3935081
2021-08-20 00:00:00,5304525475.372145,18.84642429042633,281460578.071924
2021-08-21 00:00:00,5251520129.828711,18.92587788085855,277478284.64750093
2021-08-22 00:00:00,6202445642.07312,22.276673002230435,278427826.33888394
2021-08-23 00:00:00,6063304899.296714,21.794418752760954,278204478.31528443
2021-08-24 00:00:00,6076534264.887031,21.838889150719133,278243743.21195436
2021-08-25 00:00:00,5526634707.620647,19.83032121274469,278696176.8460287
2021-08-26 00:00:00,5583311948.884106,20.0591318867293,278342651.1382533
2021-08-27 00:00:00,5090599955.849784,18.27044146405519,278624901.64043945
2021-08-28 00:00:00,5657683013.618045,20.36345816964876,277835079.21315074
2021-08-29 00:00:00,5914707727.56228,21.267009880022375,278116564.61957014
2021-08-30 00:00:00,5970444078.158794,21.413111527737048,278821883.0516573
2021-08-31 00:00:00,6103052856.747182,21.951109366284527,278029358.5581179
2021-09-01 00:00:00,6404804316.610831,23.006582128947088,278390083.3558518
2021-09-02 00:00:00,6993096501.286567,25.097000527000024,278642720.4224348
2021-09-03 00:00:00,6742392334.575354,24.254315694496068,277987324.7920731
2021-09-04 00:00:00,6705462864.948675,24.115834641922184,278052282.4323947
2021-09-05 00:00:00,6827578884.144485,24.46243063394935,279104680.4101741
2021-09-06 00:00:00,7155292450.95691,25.72912436839265,278100892.5335579
2021-09-07 00:00:00,7054139864.30393,25.257983135995016,279283576.45670897
2021-09-08 00:00:00,5875635787.99749,21.021374632516647,279507686.3769336
2021-09-09 00:00:00,5739984626.537423,20.444984989510086,280752694.58414835
2021-09-10 00:00:00,7430475516.846569,26.936238719762976,275854234.66695327
2021-09-11 00:00:00,8200350218.57234,29.443036283129377,278515780.0885867
2021-09-12 00:00:00,7561907311.108657,27.16741508701987,278344748.1803894
2021-09-13 00:00:00,9707787084.422632,34.973468397332404,277575760.4059394
2021-09-14 00:00:00,9974779158.77487,35.80780833928066,278564358.4847017
2021-09-15 00:00:00,9585685989.57172,34.3322443658892,279203593.1998543
2021-09-16 00:00:00,9426104605.102327,33.78405246357182,279010477.36254174
2021-09-17 00:00:00,10178908648.10098,36.4521975444269,279239917.8594162
2021-09-18 00:00:00,9333441397.936258,33.384476903450334,279574289.12033165
2021-09-19 00:00:00,11173587716.639471,40.0362440133047,279086812.2625665
2021-09-20 00:00:00,12320266173.418587,43.844974043105054,280996087.74557
2021-09-21 00:00:00,9395643018.0452,34.023880522615414,276148483.76274973
2021-09-22 00:00:00,8362559753.32929,29.90865870322967,279603302.7193648
2021-09-23 00:00:00,11033999893.971037,39.62328129190819,278472643.7137447
2021-09-24 00:00:00,11673601629.133808,41.8780063869765,278752563.3685404
2021-09-25 00:00:00,12036713066.725475,42.24390919856816,284933693.2845565
2021-09-26 00:00:00,11116132188.232363,39.63541836583587,280459564.86771995
2021-09-27 00:00:00,11013501102.95245,39.391575242696874,279590268.60684717
2021-09-28 00:00:00,10473328294.244915,37.17151094867597,281756862.3644546
2021-09-29 00:00:00,9432533171.980463,33.54961088819666,281151790.5055344
2021-09-30 00:00:00,9421923674.474642,33.72096192881218,279408508.40391576
2021-10-01 00:00:00,10139395033.772402,36.21846475319402,279950989.1671549
2021-10-02 00:00:00,10550833698.81736,37.75756829696479,279436260.72088724
2021-10-03 00:00:00,10839410389.416292,38.709327713543864,280020631.45167285
2021-10-04 00:00:00,10901284549.496271,38.92623462966413,280049808.3929453
2021-10-05 00:00:00,10345548877.04834,36.74652007639558,281538193.4272978
2021-10-06 00:00:00,10392068798.944803,36.94777863860824,281263696.54292846
2021-10-07 00:00:00,9877777229.433323,35.225780112207076,280413299.5200949
2021-10-08 00:00:00,10274221387.198648,36.716389599100445,279826570.62366414
2021-10-09 00:00:00,9850684326.468578,35.0483593162197,281059784.7845583
2021-10-10 00:00:00,9888989571.623375,35.216647957446504,280804396.363123
2021-10-11 00:00:00,9081837665.174986,32.36811909954478,280579716.02380544
2021-10-12 00:00:00,8957755042.886473,32.01870552561038,279766308.3450251
2021-10-13 00:00:00,9331285226.593336,33.29966040499072,280221633.2871319
2021-10-14 00:00:00,9729607224.666021,34.622069699356935,281023269.5258752
2021-10-15 00:00:00,9462552379.783072,33.7588948950343,280298049.1276374
2021-10-16 00:00:00,9318469167.933613,33.15991735667494,281016055.2483358
2021-10-17 00:00:00,9321238692.86001,33.31303290312281,279807567.20551324
2021-10-18 00:00:00,9097409321.210493,32.444786085873105,280396649.7770077
2021-10-19 00:00:00,8965645144.340864,31.87296268930551,281293120.8101703
2021-10-20 00:00:00,9799904411.292593,34.964625444673786,280280548.88788825
2021-10-21 00:00:00,10126731129.435917,35.96670984781557,281558451.47595453
2021-10-22 00:00:00,9701115094.736254,34.492135342514196,281255857.26723295
2021-10-23 00:00:00,9627773626.02603,34.208327754018114,281445316.3351474
2021-10-24 00:00:00,10065537982.482668,35.83360241849028,280896625.0428902
2021-10-25 00:00:00,9656048676.921137,34.384616024250285,280824676.65513724
2021-10-26 00:00:00,9942968408.902927,35.366768050446,281138734.38253117
2021-10-27 00:00:00,12021810149.283943,42.95210435774217,279888734.8837659
2021-10-28 00:00:00,10409642032.825907,36.91108689629717,282019385.1801795
2021-10-29 00:00:00,10764390058.474276,38.16809858244042,282025839.8574387
2021-10-30 00:00:00,11031992301.086039,39.42002459106207,279857570.2458437
2021-10-31 00:00:00,10480183374.319271,37.186817041723536,281825232.91951895
2021-11-01 00:00:00,10559438134.395704,37.42964865246107,282114273.4317759
2021-11-02 00:00:00,10586218626.498158,37.47035701946299,282522491.60581595
2021-11-03 00:00:00,10376028453.184898,37.01494877052719,280319946.3414283
2021-11-04 00:00:00,10745418087.84917,38.46322939809849,279368588.0255388
2021-11-05 00:00:00,10480314308.962368,37.50732235938287,279420487.7795176
2021-11-06 00:00:00,10400440988.029093,36.98112123506388,281236496.9120474
2021-11-07 00:00:00,10244147182.152508,36.332190312805274,281957875.2052821
2021-11-08 00:00:00,10083434738.869513,35.78945903726396,281743144.7726172
2021-11-09 00:00:00,10330121968.727354,36.60715911903402,282188572.32644886
2021-11-10 00:00:00,10095596531.394579,35.79848829869842,282011811.425055
2021-11-11 00:00:00,9038643681.271164,32.15140101655048,281127521.52288383
2021-11-12 00:00:00,9350310938.376373,33.10606452631609,282434988.0350106
2021-11-13 00:00:00,9058251585.803524,32.12603013231346,281959879.5274871
2021-11-14 00:00:00,9230015622.268797,32.66572630962995,282559632.5267613
2021-11-15 00:00:00,8970050189.54283,31.93353574466562,280897494.7611695
2021-11-16 00:00:00,8909778140.867317,31.569451611976646,282227840.0771198
2021-11-17 00:00:00,8078906654.448756,28.572022650816606,282755853.6258495
2021-11-18 00:00:00,8337175145.110306,29.575444957113888,281895172.06587064
2021-11-19 00:00:00,7469852037.283784,26.47573970299298,282139502.84604686
2021-11-20 00:00:00,7967362575.192305,28.209935345413683,282431082.44087565
2021-11-21 00:00:00,8349293735.817064,29.569252270589477,282364046.9299773
2021-11-22 00:00:00,8912097968.104969,31.37695234714589,284033256.94299406
2021-11-23 00:00:00,9110774498.972246,32.16650776929644,283237912.0641955
2021-11-24 00:00:00,9114604077.278793,32.2012652071269,283051116.738777
2021-11-25 00:00:00,8391670073.977803,29.658690334827252,282941356.45375186
2021-11-26 00:00:00,8414880384.023464,29.66471236828052,283666339.9784457
2021-11-27 00:00:00,7622319623.075558,26.979886142145855,282518598.5929188
2021-11-28 00:00:00,7535749992.005591,26.6771730763626,282479330.5660512
2021-11-29 00:00:00,7747316279.189924,27.359378847890362,283168573.4629647
2021-11-30 00:00:00,7940355631.039586,28.038508154214156,283194654.55747366
2021-12-01 00:00:00,7853026387.363763,27.592033970045797,284612087.52820075
2021-12-02 00:00:00,7539593630.525845,26.615349321396934,283279905.12093425
2021-12-03 00:00:00,8019762550.936983,28.279911658651663,283585134.48479956
2021-12-04 00:00:00,9351281608.904308,32.70939631298948,285889764.50142395
2021-12-05 00:00:00,7951023551.070164,28.050446818591425,283454434.87910295
2021-12-06 00:00:00,6950391853.077035,24.633648462656502,282150322.29649276
2021-12-07 00:00:00,6901113373.16055,24.34591656727006,283460815.8658609
2021-12-08 00:00:00,6870769351.292518,24.292917508293808,282830143.76296216
2021-12-09 00:00:00,7139436879.322589,25.199720607543252,283314128.37908524
2021-12-10 00:00:00,6468513656.960284,22.58126586137882,286454873.55177504
2021-12-11 00:00:00,6478908461.171779,22.663499160784312,285874145.70043665
2021-12-12 00:00:00,6909717423.021141,24.34108891104911,283870514.10360795
2021-12-13 00:00:00,6943087545.046397,24.596391630080653,282280736.5188969
2021-12-14 00:00:00,6178935441.089958,21.758678252550393,283975679.467833
2021-12-15 00:00:00,6150044743.511573,21.700585839055535,283404549.03494155
2021-12-16 00:00:00,6334587758.178769,22.35194093213134,283402133.9539547
2021-12-17 00:00:00,6193652395.81249,21.794446035019913,284184896.7328814
2021-12-18 00:00:00,6047767022.85508,21.3115799990798,283778444.54124063
2021-12-19 00:00:00,6534314844.346048,23.107866103174334,282774481.0001486
2021-12-20 00:00:00,6330402283.99428,22.186816266000246,285322698.31319517
2021-12-21 00:00:00,6171230871.88472,21.633196782753387,285266709.9485086
2021-12-22 00:00:00,6682291503.807505,23.56900212067942,283520340.3857505
2021-12-23 00:00:00,7752593052.224935,27.360362921334584,283351250.6582928
2021-12-24 00:00:00,8122922768.667216,28.545887232119252,284556675.4543705
2021-12-25 00:00:00,7661696798.306933,26.976263671401615,284016233.3684979
2021-12-26 00:00:00,8372487597.902967,29.491686244199528,283893146.3116892
2021-12-27 00:00:00,9111537414.186304,32.18242008932204,283121573.48320323
2021-12-28 00:00:00,8499267250.752295,29.770556009601595,285492392.147836
2021-12-29 00:00:00,7658408631.436536,26.77837720583099,285992260.56793755
2021-12-30 00:00:00,7734245432.063119,27.993757799867403,276284644.86106807
2021-12-31 00:00:00,8608785747.321943,30.242086545043552,284662426.7971635
2022-01-01 00:00:00,9280496478.972542,32.511087536772024,285456352.9588401
2022-01-02 00:00:00,10292327717.066288,36.120485455453334,284944335.25151837
2022-01-03 00:00:00,10143172221.418436,35.612887578155764,284817461.0710325
2022-01-04 00:00:00,11241777006.75242,39.34573684551364,285717790.74546045
2022-01-05 00:00:00,12275004299.240047,42.097936398552385,291582090.4623284
2022-01-06 00:00:00,11189849558.588587,39.03544764836552,286658671.3539873
2022-01-07 00:00:00,11464152953.76662,40.21120783303952,285098448.20794225
2022-01-08 00:00:00,11210969888.949266,38.82629563948627,288746832.6375111
2022-01-09 00:00:00,10345325849.018055,36.00902221769303,287298160.62416935
2022-01-10 00:00:00,10038802789.99514,35.10470527037186,285967442.61709625
2022-01-11 00:00:00,10816505552.177544,37.924254718457874,285213397.9290333
2022-01-12 00:00:00,11159365170.109425,38.86218624240033,287152274.4629862
2022-01-13 00:00:00,11505579349.567825,40.249675946363176,285855204.5214026
2022-01-14 00:00:00,10905043523.30042,37.69824571426387,289271909.51950014
2022-01-15 00:00:00,11554931430.017805,40.493562880638606,285352303.1321757
2022-01-16 00:00:00,11260591458.043362,39.27955361389856,286678193.15693414
2022-01-17 00:00:00,12451582328.282324,43.52499869130848,286078867.3790077
2022-01-18 00:00:00,11243811367.96096,39.31080440749911,286023436.4936078
2022-01-19 00:00:00,10995966608.218847,38.34930828177989,286731810.84319925
2022-01-20 00:00:00,10593765771.985468,36.92662179936451,286886946.48389906
2022-01-21 00:00:00,11285585080.167103,39.07276164194776,288835101.6389668
2022-01-22 00:00:00,9853427973.379734,34.34976803122491,286855735.51538074
2022-01-23 00:00:00,8400323320.151299,29.267803768360988,287015841.25120443
2022-01-24 00:00:00,9829090509.556166,34.4643476848815,285195895.75368345
2022-01-25 00:00:00,10361693527.149603,36.104308178158796,286993271.71758085
2022-01-26 00:00:00,10331276974.018904,36.06152355950184,286490307.51493907
2022-01-27 00:00:00,9383601995.098368,32.49571070982426,288764325.81797546
2022-01-28 00:00:00,8662299700.286915,30.18353916305386,286987541.570009
2022-01-29 00:00:00,8470481418.548961,29.583590770619534,286323640.8394779
2022-01-30 00:00:00,8379304928.248502,29.221966221942843,286746787.1465973
2022-01-31 00:00:00,7834653893.125428,27.29021994639074,287086506.0272846
2022-02-01 00:00:00,8049725330.16,28.174290194508053,285711734.868448
2022-02-02 00:00:00,8380617107.024742,29.063002558735487,288360333.38564235
2022-02-03 00:00:00,7607479644.065063,26.41308374928689,288019366.32145244
2022-02-04 00:00:00,8472747136.599482,29.49489566518412,287261471.7061279
2022-02-05 00:00:00,8914581692.177204,31.11278153295213,286524741.6961291
2022-02-06 00:00:00,8928958666.727245,30.881639634846454,289134863.7023767
2022-02-07 00:00:00,9020448279.15336,31.321912758638643,287991616.2420669
2022-02-08 00:00:00,9167343586.248861,31.754634723859542,288693088.92918164
2022-02-09 00:00:00,8798550837.309319,30.53102518115707,288183930.4478891
2022-02-10 00:00:00,8919335828.48077,30.963072795708523,288063652.0583638
2022-02-11 00:00:00,8403073633.325664,29.179916422671667,287974561.3937674
2022-02-12 00:00:00,7649426554.425297,26.557823043187096,288029125.80546063
2022-02-13 00:00:00,7765396117.800915,27.046407032763103,287113778.4916931
2022-02-14 00:00:00,7618903067.338442,26.38992746168969,288704964.36183155
2022-02-15 00:00:00,7860219184.023976,27.220738553175977,288758483.487469
2022-02-16 00:00:00,8397083911.699718,28.989646487577623,289658030.6799519
2022-02-17 00:00:00,8279725807.947251,28.575496580856043,289749148.698756
2022-02-18 00:00:00,8083980100.492796,28.017107744402715,288537281.3725864
2022-02-19 00:00:00,7826711034.086908,27.070861420161155,289119393.4544664
2022-02-20 00:00:00,7698851971.6136465,26.71728405125772,288159977.52029073
2022-02-21 00:00:00,7651307002.949011,26.292295506798705,291009470.853183
2022-02-22 00:00:00,6925185222.461134,23.81989684344899,290731117.2661823
2022-02-23 00:00:00,7181622418.21377,24.848205422402017,289019762.0363821
2022-02-24 00:00:00,7335448412.069629,25.313447717424935,289784643.08598113
2022-02-25 00:00:00,7208090750.820684,24.965540501342506,288721598.0937033
2022-02-26 00:00:00,7883875512.960071,27.310441566733804,288676237.3905822
2022-02-27 00:00:00,8540384062.716004,29.791537940633134,286671472.94425654
2022-02-28 00:00:00,7718393712.63978,26.803174809105908,287965652.1143753
2022-03-01 00:00:00,9074717560.617199,31.49536230530685,288128692.49286723
2022-03-02 00:00:00,9003272690.323544,31.136687643117885,289153194.2484425
2022-03-03 00:00:00,9357629734.312382,32.27560276787394,289928891.5411567
2022-03-04 00:00:00,9896396340.758757,34.13387946727023,289928847.67897713
2022-03-05 00:00:00,8857879463.202225,30.52546756732509,290179976.5610742
2022-03-06 00:00:00,8998488384.201626,31.056957533739727,289741465.31983465
2022-03-07 00:00:00,8153026711.874391,28.166506287410538,289458217.8095163
2022-03-08 00:00:00,8271207452.623494,28.445231864383516,290776587.5158829
2022-03-09 00:00:00,8071257260.61559,27.826715361769693,290054257.417117
2022-03-10 00:00:00,8762155587.269901,30.084405612411018,291252408.3126696
2022-03-11 00:00:00,8128920115.446775,28.063014135403797,289666679.28914577
2022-03-12 00:00:00,8063886971.231029,27.607859386212986,292086643.0976547
2022-03-13 00:00:00,7921451880.881991,27.23322808879681,290874510.1775398
2022-03-14 00:00:00,7628630743.825802,26.335014089685696,289676349.43524146
2022-03-15 00:00:00,7766754552.452135,26.850521609597436,289258982.20450175
2022-03-16 00:00:00,7816748357.167922,26.864328415179504,290971292.3532874
2022-03-17 00:00:00,8412317099.915634,28.9808703952671,290271375.0546795
2022-03-18 00:00:00,8196983676.289509,28.20897690174535,290580679.5064001
2022-03-19 00:00:00,8348695844.792981,28.721085430278922,290681766.36498046
2022-03-20 00:00:00,8326422180.784453,28.640433718932396,290722628.8015456
2022-03-21 00:00:00,8072240447.253557,27.78939032127448,290479220.80801326
2022-03-22 00:00:00,8138267484.686255,27.986556801358628,290792023.5579383
2022-03-23 00:00:00,8157876830.086418,28.03162167585189,291024077.1804544
2022-03-24 00:00:00,8190257673.878925,28.160676792176393,290840228.53294295
2022-03-25 00:00:00,8472819923.10294,29.04275570215314,291736087.64938205
2022-03-26 00:00:00,8198810157.566358,28.127654834499385,291485735.50860983
2022-03-27 00:00:00,8405661740.905608,28.78864456592862,291978377.8515823
2022-03-28 00:00:00,8659657391.170542,29.76873478950538,290897730.53517216
2022-03-29 00:00:00,8555846760.712072,29.358371179439903,291427842.11079997
2022-03-30 00:00:00,8793673815.033918,30.225754587846527,290933144.0998918
2022-03-31 00:00:00,8835687470.907724,30.210380781681472,292471900.1312747
2022-04-01 00:00:00,8398321716.624898,28.864659032330586,290955167.9518593
2022-04-02 00:00:00,8547292475.0146265,29.37572480046033,290964479.4493951
2022-04-03 00:00:00,9226831836.498602,31.356491359195907,294255876.1056234
2022-04-04 00:00:00,9326112852.481503,31.93009046024804,292079124.0504696
2022-04-05 00:00:00,9008278077.978203,30.86084791955907,291899888.86432743
2022-04-06 00:00:00,8619268358.278814,29.337570499612795,293796255.5008628
2022-04-07 00:00:00,7876472319.348237,26.85019606893456,293348782.22588646
2022-04-08 00:00:00,8124195282.470744,27.801470429219854,292221783.84967965
2022-04-09 00:00:00,7826780881.97016,26.8488833545748,291512342.5658799
2022-04-10 00:00:00,7977745097.766384,27.30296609583466,292193348.8751418
2022-04-11 00:00:00,7844523395.245529,26.65897717746872,294254477.3201374
2022-04-12 00:00:00,6967798833.094855,23.80180497844765,292742455.4316004
2022-04-13 00:00:00,7235814270.291083,24.752463363691003,292327036.8679824
2022-04-14 00:00:00,7242121311.090066,24.739846994247326,292731046.91286296
2022-04-15 00:00:00,7034354729.808087,23.991448077230103,293202590.65497094
2022-04-16 00:00:00,7066721144.760779,24.1416992137109,292718465.3492553
2022-04-17 00:00:00,7112479974.129501,24.225860522405302,293590395.5837408
2022-04-18 00:00:00,6792155406.364391,23.274634857234446,291826507.613424
2022-04-19 00:00:00,7042491989.699666,24.09412100873218,292290886.52569354
2022-04-20 00:00:00,7216591550.4517145,24.666264870812956,292569287.98291415
2022-04-21 00:00:00,7111061403.206443,24.304714388793236,292579509.0390082
2022-04-22 00:00:00,6821431917.371529,23.327806568173987,292416344.3072258
2022-04-23 00:00:00,6754696484.953549,23.08887592888991,292551985.02330506
2022-04-24 00:00:00,6811441486.137841,23.289780251122103,292464824.1715233
2022-04-25 00:00:00,6552225345.401548,22.331863906347955,293402528.91022867
2022-04-26 00:00:00,6473332808.798968,22.136512640942602,292427850.4838297
2022-04-27 00:00:00,5924437397.931639,20.291362965207174,291968430.5135168
2022-04-28 00:00:00,6331149685.62284,21.499448319620793,294479634.6167132
2022-04-29 00:00:00,6058274286.965374,20.71357052781684,292478512.03777474
2022-04-30 00:00:00,5707737894.534064,19.464151149928878,293243607.21247894
2022-05-01 00:00:00,5198113065.780173,17.94492804748787,289670320.88534135
2022-05-02 00:00:00,5277767911.72881,18.034929424243167,292641450.7968218
2022-05-03 00:00:00,5228919206.3100395,17.820119396693467,293427843.5463383
2022-05-04 00:00:00,5188900562.637601,17.597763694661428,294861361.5155964
2022-05-05 00:00:00,5805524349.163953,19.920751461242876,291430991.46932185
2022-05-06 00:00:00,5229684891.33683,17.845468223833112,293053946.5673668
2022-05-07 00:00:00,5183781530.002381,17.735623435921866,292280761.86502194
2022-05-08 00:00:00,4845566551.434993,16.500162673032357,293667804.82440466
2022-05-09 00:00:00,4587243330.680374,15.679438161116833,292564266.8789115
2022-05-10 00:00:00,3810368897.1075,12.803219382752573,297610216.86783797
2022-05-11 00:00:00,3967896108.8202033,13.606189676683966,291624341.7964198
2022-05-12 00:00:00,3030690042.9002733,10.846331838870803,279420737.6210789
2022-05-13 00:00:00,2871519171.6429877,9.750761337183734,294491791.1889283
2022-05-14 00:00:00,3007677543.520105,10.268148476649134,292913328.0805088
2022-05-15 00:00:00,3180922373.0715194,10.875108834884555,292495681.77818483
2022-05-16 00:00:00,3601404838.118223,12.358513197583822,291410850.2001943
2022-05-17 00:00:00,3221913028.948552,11.029544721934714,292116593.22084785
2022-05-18 00:00:00,3367196805.5405564,11.512529977626254,292481045.6159031
2022-05-19 00:00:00,2955905115.1763616,10.092025779383134,292895121.33579177
2022-05-20 00:00:00,3198706969.8475533,10.933543144286697,292559047.66050446
2022-05-21 00:00:00,3276383150.026578,11.21584071663337,292121048.50665545
2022-05-22 00:00:00,3251837829.0336657,11.097537750900084,293023362.66167873
2022-05-23 00:00:00,3350891305.056756,11.427119100888095,293240253.7745783
2022-05-24 00:00:00,3271636885.217633,11.15528957041135,293281215.5674944
2022-05-25 00:00:00,3244162490.435663,11.087887574714992,292586163.8274279
2022-05-26 00:00:00,3137283867.40726,10.724796513340301,292526190.4507813
2022-05-27 00:00:00,2822983292.331077,9.677480188004255,291706439.8468429
2022-05-28 00:00:00,2706579854.565726,9.257783714084054,292357214.01096797
2022-05-29 00:00:00,2783399488.789608,9.442714065846443,294766893.22373384
2022-05-30 00:00:00,2813422928.54965,9.607657645645652,292831305.22711116
2022-05-31 00:00:00,3075181832.947053,10.517151461958886,292396838.066862
2022-06-01 00:00:00,3015497025.652166,10.306355523464724,292586163.82742786
2022-06-02 00:00:00,2751141755.3717546,9.373625169280452,293498161.6704587
2022-06-03 00:00:00,2823079285.850751,9.639776382115162,292857341.7002138
2022-06-04 00:00:00,2679504116.979261,9.182193902444377,291815239.9576265
2022-06-05 00:00:00,2692136335.117142,9.253761392292168,290923465.71195704
2022-06-06 00:00:00,2696575701.40232,9.178199282302264,293802261.03849745
2022-06-07 00:00:00,2772685767.7011065,9.468175608629252,292842663.92081845
2022-06-08 00:00:00,2718692905.7567124,9.254634525931989,293765561.25893325
2022-06-09 00:00:00,2567555904.8652463,8.77538387761778,292586163.827428
2022-06-10 00:00:00,2571784294.3070498,8.783435054401268,292799375.0028767
2022-06-11 00:00:00,2369306585.9919844,8.096522314093383,292632625.96927583
2022-06-12 00:00:00,2204026961.6151247,7.53702075187,292426813.4817443
2022-06-13 00:00:00,2105090453.5564938,7.134213352669133,295069736.422855
2022-06-14 00:00:00,1867660252.4267676,6.465381924737691,288870831.478767
2022-06-15 00:00:00,1864865035.1979265,6.379412037332482,292325534.7490786
2022-06-16 00:00:00,2128248285.546628,7.311760528428805,291071935.0383264
2022-06-17 00:00:00,1851308282.2707162,6.320070631041246,292925252.0023987
2022-06-18 00:00:00,1885273970.3923752,6.410653066819277,294084541.8932921
2022-06-19 00:00:00,1783629187.3192205,6.096081796852272,292586163.827428
2022-06-20 00:00:00,1975462924.3351808,6.772922482404532,291670682.7026683
2022-06-21 00:00:00,2004341717.6110203,6.843123932129147,292898643.5859267
2022-06-22 00:00:00,2025074948.991842,6.934338840611064,292035765.1304777
2022-06-23 00:00:00,2070739114.6936889,7.085793799603494,292238127.9017127
2022-06-24 00:00:00,2375977794.023968,8.159210871089611,291201910.52332383
2022-06-25 00:00:00,2438670405.692065,8.344127702269425,292261874.7827647
2022-06-26 00:00:00,2527672578.177944,8.673764617792113,291415860.3051137
2022-06-27 00:00:00,2354776791.999365,8.051481517739647,292465031.03946006
2022-06-28 00:00:00,2283539208.355436,7.786824203810657,293256807.7288729
2022-06-29 00:00:00,2137777691.194391,7.324964432139627,291848200.9024506
2022-06-30 00:00:00,2158973321.560666,7.373133274768672,292816261.56803775
2022-07-01 00:00:00,2151223070.940118,7.4782292718290035,287664765.6476542
2022-07-02 00:00:00,2402497664.9926934,8.133538489011496,295381606.4482261
2022-07-03 00:00:00,2362768257.3457227,8.076870123416818,292535130.71795976
2022-07-04 00:00:00,2376316832.9746103,8.118431963051819,292706380.22090703
2022-07-05 00:00:00,2566199393.3880277,8.766070168556698,292742282.9208933
2022-07-06 00:00:00,2643333348.775523,8.966713032089592,294794016.41556984
2022-07-07 00:00:00,2603764865.0839705,8.913130214479043,292126873.7726117
2022-07-08 00:00:00,2753106250.2594085,9.399074895433499,292912470.7365609
2022-07-09 00:00:00,2679708431.334927,9.120893623873767,293798890.9684069
2022-07-10 00:00:00,2631215239.164305,8.989837870435542,292687729.97758496
2022-07-11 00:00:00,2579518774.808206,8.808478794661038,292844977.5427392
2022-07-12 00:00:00,2403093566.0546412,8.19485909387952,293244037.3318237
2022-07-13 00:00:00,2283594047.8344254,7.825271633547674,291822974.9424216
2022-07-14 00:00:00,2373911528.6986127,8.17326044681556,290448535.7032185
2022-07-15 00:00:00,2643327434.267898,8.983433771769969,294244662.0549966
2022-07-16 00:00:00,2641321181.7473273,9.054819163320465,291703360.8409178
2022-07-17 00:00:00,2696860579.608214,9.223151908784669,292401188.4743616
2022-07-18 00:00:00,2622421373.19147,8.922287192143722,293918063.4647775
2022-07-19 00:00:00,2795024307.8709073,9.577037007283982,291846455.823978
2022-07-20 00:00:00,3090442191.324031,10.563837204636497,292549206.4538468
2022-07-21 00:00:00,2831011229.927401,9.6758205955261,292586163.827428
2022-07-22 00:00:00,3246674547.330372,11.071160445532211,293255125.6305362
2022-07-23 00:00:00,3112603543.3815823,10.671857616473227,291664643.14300114
2022-07-24 00:00:00,2960982235.132855,10.123221828227583,292494058.2529225
2022-07-25 00:00:00,2938823258.134196,10.005804666215338,293711835.8963323
2022-07-26 00:00:00,2686611911.3028007,9.05130950864019,296820245.5941008
2022-07-27 00:00:00,2692103689.336534,9.211472373345833,292255524.4399757
2022-07-28 00:00:00,3013259656.4518056,10.32229342716545,291917651.60654426
2022-07-29 00:00:00,3177333851.8519273,10.870830292929965,292280696.7116727
2022-07-30 00:00:00,3311185991.995951,11.22254365885635,295047726.4913917
2022-07-31 00:00:00,3119144644.913726,10.690038511048598,291780487.1974933
2022-08-01 00:00:00,3040973568.7714815,10.3959682286567,292514703.9588843
2022-08-02 00:00:00,3022381428.3820405,10.473269002236767,288580521.3001359
2022-08-03 00:00:00,2940330986.1892357,9.980953809169952,294594188.33176255
2022-08-04 00:00:00,2967847888.3937883,10.18101111805147,291508166.9178847
2022-08-05 00:00:00,3038887314.423272,10.416293024966217,291743646.9134976
2022-08-06 00:00:00,3201276616.5034375,10.950270687527901,292346801.99728906
2022-08-07 00:00:00,3118423082.854126,10.651727662251746,292762186.73008204
2022-08-08 00:00:00,3333019267.366267,11.381910062634745,292834792.14162076
2022-08-09 00:00:00,3458337494.3782024,11.805351798355673,292946585.02764
2022-08-10 00:00:00,3353371406.79567,11.431783392452669,293337556.5014279
2022-08-11 00:00:00,3485751049.8452535,11.95776826697823,291505151.46469843
2022-08-12 00:00:00,3440206719.9858875,11.756674897420075,292617321.64940774
2022-08-13 00:00:00,3529439080.5399737,12.08890190179233,291956962.61020124
2022-08-14 00:00:00,3485516550.9991627,11.916308625668012,292499687.65421844
2022-08-15 00:00:00,3398597154.4874034,11.610975749441952,292705559.6210979
2022-08-16 00:00:00,3340583655.7050557,11.424164516589208,292413826.0486482
2022-08-17 00:00:00,3340750429.9358788,11.441179467699497,291993534.3525916
2022-08-18 00:00:00,3438032302.2204037,11.729001490235781,293122334.8451711
2022-08-19 00:00:00,3378350515.307841,11.537567245378204,292813072.58782506
2022-08-20 00:00:00,3171730237.470532,10.811018260105765,293379417.29084665
2022-08-21 00:00:00,2996813200.2766623,10.25895014449013,292116947.4525801
2022-08-22 00:00:00,3128744243.7364545,10.679850539323628,292957680.65445256
2022-08-23 00:00:00,3226325403.971636,11.06334752567311,291622892.3013373
2022-08-24 00:00:00,3552948259.582964,12.142024542898195,292615802.8284553
2022-08-25 00:00:00,3802531017.91575,13.013569390043344,292197390.58102375
2022-08-26 00:00:00,3771910006.7364187,12.877309727470042,292911336.805865
2022-08-27 00:00:00,3354602524.9159355,11.530672478768455,290928610.7200425
2022-08-28 00:00:00,3299663258.4864097,11.264204009515938,292933549.11708564
2022-08-29 00:00:00,3105295636.4227643,10.625778737190165,292241699.4769755
2022-08-30 00:00:00,3362702422.939415,11.453184611706964,293604140.4154266
2022-08-31 00:00:00,3501709665.511461,11.923436410846127,293682923.68516666
2022-09-01 00:00:00,3459927805.7112684,11.80089438244133,293191998.29966533
2022-09-02 00:00:00,3741868322.4365754,12.752393607918428,293424782.6316396
2022-09-03 00:00:00,3700586933.47712,12.632846124180249,292933745.65798825
2022-09-04 00:00:00,3696059765.7952824,12.616066517705681,292964511.6097118
2022-09-05 00:00:00,3776747965.5710807,12.943345921597478,291790699.904662
2022-09-06 00:00:00,3710953654.107014,12.65333011803164,293278814.31139743
2022-09-07 00:00:00,3468729406.574549,11.825420919608753,293328197.7999404
2022-09-08 00:00:00,3806106480.750239,12.972148745892936,293406015.86574286
2022-09-09 00:00:00,4054824428.536555,13.860224136219005,292551144.10023457
2022-09-10 00:00:00,4697025669.010121,16.05408433243173,292575121.18093234
2022-09-11 00:00:00,4693914315.930179,16.04948367418614,292465129.17296106
2022-09-12 00:00:00,4585098150.257149,15.670024612415324,292603123.7133084
2022-09-13 00:00:00,4529022523.744095,15.490967925658044,292365367.0628658
2022-09-14 00:00:00,4080825312.6333637,13.932606940488691,292897469.22913104
2022-09-15 00:00:00,4087786502.2835994,14.032191787965404,291314896.7782393
2022-09-16 00:00:00,4346573318.771043,14.876547959298833,292176204.497371
2022-09-17 00:00:00,4871880091.95036,16.622147958719605,293095700.02923006
2022-09-18 00:00:00,4825854245.949223,16.490719680737374,292640608.74106354
2022-09-19 00:00:00,4324018736.442685,14.768411582106394,292788341.68474317
2022-09-20 00:00:00,4596019874.086253,15.685418316033665,293012260.27157927
2022-09-21 00:00:00,4083723908.588115,13.951994254014277,292698221.7909919
2022-09-22 00:00:00,3935707894.073584,13.484298052330358,291873398.14054424
2022-09-23 00:00:00,4289767543.2452946,14.664572318544492,292525922.34282553
2022-09-24 00:00:00,4178647847.9458294,14.243810720050144,293365864.6603469
2022-09-25 00:00:00,4000937041.583637,13.663733785202602,292814329.11965305
2022-09-26 00:00:00,4126811896.946844,14.077002033751851,293159856.5555476
2022-09-27 00:00:00,4054035661.9458175,13.898333812113009,291692206.9041504
2022-09-28 00:00:00,3965802018.105789,13.539054930233767,292915719.63784885
2022-09-29 00:00:00,3819965691.0591455,13.062802263044027,292430798.08887637
2022-09-30 00:00:00,3745666229.8834677,12.800598340597977,292616495.74643946
2022-10-01 00:00:00,3800071527.6063027,13.005893016177016,292180746.287832
2022-10-02 00:00:00,3706033612.3981957,12.673153101267072,292431850.44672614
2022-10-03 00:00:00,3555127224.9742975,12.04651962922931,295116542.7355669
2022-10-04 00:00:00,3775446759.281564,12.890292401216339,292890699.5876455
2022-10-05 00:00:00,3812092740.392533,13.023405285355434,292710904.472823
2022-10-06 00:00:00,3806525532.466485,12.984190073573632,293166189.873776
2022-10-07 00:00:00,3802658008.1754093,12.994589883126046,292633937.8446488
2022-10-07 15:05:19,3764664511.4218316,12.878707892872,292316942.2536143
